-- MySQL dump 10.16  Distrib 10.1.48-MariaDB, for debian-linux-gnu (x86_64)
--
-- Host: localhost    Database: db
-- ------------------------------------------------------
-- Server version	10.1.48-MariaDB-0+deb9u2

/*!40101 SET @OLD_CHARACTER_SET_CLIENT=@@CHARACTER_SET_CLIENT */;
/*!40101 SET @OLD_CHARACTER_SET_RESULTS=@@CHARACTER_SET_RESULTS */;
/*!40101 SET @OLD_COLLATION_CONNECTION=@@COLLATION_CONNECTION */;
/*!40101 SET NAMES utf8mb4 */;
/*!40103 SET @OLD_TIME_ZONE=@@TIME_ZONE */;
/*!40103 SET TIME_ZONE='+00:00' */;
/*!40014 SET @OLD_UNIQUE_CHECKS=@@UNIQUE_CHECKS, UNIQUE_CHECKS=0 */;
/*!40014 SET @OLD_FOREIGN_KEY_CHECKS=@@FOREIGN_KEY_CHECKS, FOREIGN_KEY_CHECKS=0 */;
/*!40101 SET @OLD_SQL_MODE=@@SQL_MODE, SQL_MODE='NO_AUTO_VALUE_ON_ZERO' */;
/*!40111 SET @OLD_SQL_NOTES=@@SQL_NOTES, SQL_NOTES=0 */;

--
-- Table structure for table `Alan_Rickman_Movies`
--

DROP TABLE IF EXISTS `Alan_Rickman_Movies`;
/*!40101 SET @saved_cs_client     = @@character_set_client */;
/*!40101 SET character_set_client = utf8 */;
CREATE TABLE `Alan_Rickman_Movies` (
  `title` varchar(41) DEFAULT NULL,
  `release_date` varchar(10) DEFAULT NULL,
  `tagline` varchar(106) DEFAULT NULL,
  `overview` text
) ENGINE=InnoDB DEFAULT CHARSET=utf8mb4;
/*!40101 SET character_set_client = @saved_cs_client */;

--
-- Dumping data for table `Alan_Rickman_Movies`
--

LOCK TABLES `Alan_Rickman_Movies` WRITE;
/*!40000 ALTER TABLE `Alan_Rickman_Movies` DISABLE KEYS */;
INSERT INTO `Alan_Rickman_Movies` VALUES ('Love Actually','2003-09-07','The ultimate romantic comedy.','Follows seemingly unrelated people as their lives begin to intertwine while they fall in û and out û of love. Affections languish and develop as Christmas draws near.'),('Die Hard','1988-07-15','40 Stories. Twelve Terrorists. One Cop.','NYPD cop, John McClane\'s plan to reconcile with his estranged wife is thrown for a serious loop when minutes after he arrives at her office, the entire building is overtaken by a group of terrorists. With little help from the LAPD, wisecracking McClane sets out to single-handedly rescue the hostages and bring the bad guys down.'),('Harry Potter and the Philosopher\'s Stone','2001-11-16','Let the Magic Begin.','Harry Potter has lived under the stairs at his aunt and uncle\'s house his whole life. But on his 11th birthday, he learns he\'s a powerful wizard -- with a place waiting for him at the Hogwarts School of Witchcraft and Wizardry. As he learns to harness his newfound powers with the help of the school\'s kindly headmaster, Harry uncovers the truth about his parents\' deaths -- and about the villain who\'s to blame.'),('Harry Potter and the Chamber of Secrets','2002-11-13','Hogwarts is back in session.','Ignoring threats to his life, Harry returns to Hogwarts to investigate û aided by Ron and Hermione û a mysterious series of attacks.'),('Harry Potter and the Prisoner of Azkaban','2004-05-31','Something wicked this way comes.','Harry, Ron and Hermione return to Hogwarts for another magic-filled year. Harry comes face to face with danger yet again, this time in the form of escaped convict, Sirius Black û and turns to sympathetic Professor Lupin for help.'),('Harry Potter and the Goblet of Fire','2005-11-05','Dark And Difficult Times Lie Ahead.','Harry starts his fourth year at Hogwarts, competes in the treacherous Triwizard Tournament and faces the evil Lord Voldemort. Ron and Hermione help Harry manage the pressure û but Voldemort lurks, awaiting his chance to destroy Harry and all that he stands for.'),('Harry Potter and the Order of the Phoenix','2007-06-28','Evil Must Be Confronted.','Returning for his fifth year of study at Hogwarts, Harry is stunned to find that his warnings about the return of Lord Voldemort have been ignored. Left with no choice, Harry takes matters into his own hands, training a small group of students û dubbed \'Dumbledore\'s Army\' û to defend themselves against the dark arts.'),('Harry Potter and the Half-Blood Prince','2009-07-07','Dark Secrets Revealed','As Harry begins his sixth year at Hogwarts, he discovers an old book marked as \'Property of the Half-Blood Prince\', and begins to learn more about Lord Voldemort\'s dark past.'),('Galaxy Quest','1999-12-23','A comedy of Galactic Proportions.','The stars of a 1970s sci-fi show - now scraping a living through re-runs and sci-fi conventions - are beamed aboard an alien spacecraft. Believing the cast\'s heroic on-screen dramas are historical documents of real-life adventures, the band of aliens turn to the ailing celebrities for help in their quest to overcome the oppressive regime in their solar system.'),('Perfume: The Story of a Murderer','2006-09-13','Based on the best-selling novel','Jean-Baptiste Grenouille, born in the stench of 18th century Paris, develops a superior olfactory sense, which he uses to create the world\'s finest perfumes. However, his work takes a dark turn as he tries to preserve scents in the search for the ultimate perfume.'),('Michael Collins','1996-10-25','Ireland, 1916. His Dreams Inspired Hope. His Words Ignited Passion. His Courage Forged A Nation\'s Destiny.','Michael Collins plays a crucial role in the establishment of the Irish Free State in the 1920s, but becomes vilified by those hoping to create a completely independent Irish republic.'),('Dogma','1999-11-12','It can be Hell getting into Heaven','The latest battle in the eternal war between Good and Evil has come to New Jersey in the late, late 20th Century. Angels, demons, apostles and prophets (of a sort) walk among the cynics and innocents of America and duke it out for the fate of humankind.'),('Sense and Sensibility','1995-12-13','Lose your heart and come to your senses.','Rich Mr. Dashwood dies, leaving his second wife and her daughters poor by the rules of inheritance. Two daughters are the titular opposites.'),('The Hitchhiker\'s Guide to the Galaxy','2005-01-15','Don\'t leave Earth without it.','\"Mere seconds before the Earth is to be demolished by an alien construction crew, Arthur Dent is swept off the planet by his friend Ford Prefect, a researcher penning a new edition of \"\"The Hitchhiker\'s Guide to the Galaxy.\"\"\"'),('Robin Hood: Prince of Thieves','1991-06-14','For the good of all men, and the love of one woman, he fought to uphold justice by breaking the law.','When the dastardly Sheriff of Nottingham murders Robin\'s father, the legendary archer vows vengeance. To accomplish his mission, Robin joins forces with a band of exiled villagers (and comely Maid Marian), and together they battle to end the evil sheriff\'s reign of terror.'),('Quigley Down Under','1990-10-17','There\'s a price on his head. A girl on his mind. And a twinkle in his eye.','American Matt Quigley answers Australian land baron Elliott Marston\'s ad for a sharpshooter to kill the dingoes on his property. But when Quigley finds out that Marston\'s real target is the aborigines, Quigley hits the road. Now, even American expatriate Crazy Cora can\'t keep Quigley safe in his cat-and-mouse game with the homicidal Marston.'),('Alice in Wonderland','2010-03-03','You\'re invited to a very important date.','Alice, an unpretentious and individual 19-year-old, is betrothed to a dunce of an English nobleman. At her engagement party, she escapes the crowd to consider whether to go through with the marriage and falls down a hole in the garden after spotting an unusual rabbit. Arriving in a strange and surreal place called \'Underland,\' she finds herself in a world that resembles the nightmares she had as a child, filled with talking animals, villainous queens and knights, and frumious bandersnatches. Alice realizes that she is there for a reason û to conquer the horrific Jabberwocky and restore the rightful queen to her throne.'),('Bottle Shock','2008-08-06','Based on a true story of love, victory, and fermentation','Paris-based wine expert Steven Spurrier heads to California in search of cheap wine that he can use for a blind taste test in the French capital. Stumbling upon the Napa Valley, the stuck-up Englishman is shocked to discover a winery turning out top-notch chardonnay. Determined to make a name for himself, he sets about getting the booze back to Paris.'),('The Butler','2013-08-16','One quiet voice can ignite a revolution.','A look at the life of Cecil Gaines who served eight presidents as the White House\'s head butler from 1952 to 1986, and had a unique front-row seat as political and racial history was made.'),('Alice Through the Looking Glass','2016-05-25','It\'s time for a little madness.','\"In the sequel to Tim Burton\'s \"\"Alice in Wonderland\"\", Alice Kingsleigh returns to Underland and faces a new adventure in saving the Mad Hatter.\"');
/*!40000 ALTER TABLE `Alan_Rickman_Movies` ENABLE KEYS */;
UNLOCK TABLES;

--
-- Table structure for table `actors`
--

DROP TABLE IF EXISTS `actors`;
/*!40101 SET @saved_cs_client     = @@character_set_client */;
/*!40101 SET character_set_client = utf8 */;
CREATE TABLE `actors` (
  `actor_id` int(11) DEFAULT NULL,
  `actor_name` varchar(39) DEFAULT NULL,
  `gender` tinyint(4) DEFAULT NULL
) ENGINE=InnoDB DEFAULT CHARSET=utf8mb4;
/*!40101 SET character_set_client = @saved_cs_client */;

--
-- Dumping data for table `actors`
--

LOCK TABLES `actors` WRITE;
/*!40000 ALTER TABLE `actors` DISABLE KEYS */;
INSERT INTO `actors` VALUES (1,'George Lucas',2),(2,'Mark Hamill',2),(3,'Harrison Ford',2),(4,'Carrie Fisher',1),(5,'Peter Cushing',2),(6,'Anthony Daniels',2),(7,'Andrew Stanton',2),(8,'Lee Unkrich',2),(10,'Bob Peterson',2),(11,'David Reynolds',2),(12,'Alexander Gould',2),(13,'Albert Brooks',2),(14,'Ellen DeGeneres',1),(18,'Brad Garrett',2),(19,'Allison Janney',1),(20,'Elizabeth Perkins',1),(22,'Barry Humphries',2),(23,'Bill Hunter',2),(31,'Tom Hanks',2),(32,'Robin Wright',1),(33,'Gary Sinise',2),(34,'Mykelti Williamson',2),(35,'Sally Field',1),(40,'Orson Welles',2),(47,'Bj+¦rk',1),(48,'Sean Bean',2),(49,'Maria Bello',1),(50,'Catherine Deneuve',1),(51,'Richard Elfyn',2),(52,'David Morse',2),(53,'Peter Stormare',2),(54,'Maurice Roeves',2),(56,'Sophie Stuckey',1),(62,'Bruce Willis',2),(63,'Milla Jovovich',1),(64,'Gary Oldman',2),(65,'Ian Holm',2),(66,'Chris Tucker',2),(73,'Alfred Abel',2),(74,'Gustav Fr+¦hlich',2),(75,'Brigitte Helm',1),(77,'Rudolf Klein-Rogge',2),(78,'Fritz Rasp',2),(79,'Theodor Loos',0),(80,'Erwin Biswanger',2),(81,'Heinrich George',2),(82,'Olaf Storm',2),(83,'Hanns Leo Reich',0),(85,'Johnny Depp',2),(98,'Sarah Polley',1),(99,'Amanda Plummer',1),(100,'Scott Speedman',2),(101,'Leonor Watling',1),(102,'Deborah Harry',1),(103,'Mark Ruffalo',2),(108,'Peter Jackson',2),(109,'Elijah Wood',2),(110,'Viggo Mortensen',2),(112,'Cate Blanchett',1),(113,'Christopher Lee',2),(114,'Orlando Bloom',2),(116,'Keira Knightley',1),(118,'Geoffrey Rush',2),(130,'Kenny Baker',2),(131,'Jake Gyllenhaal',2),(132,'Scott MacDonald',2),(133,'Peter Sarsgaard',2),(134,'Jamie Foxx',2),(138,'Quentin Tarantino',2),(139,'Uma Thurman',1),(140,'Lucy Liu',1),(141,'David Carradine',2),(147,'Michael Madsen',2),(150,'RZA',2),(155,'Lucas Black',2),(169,'Hanns Zischler',2),(176,'Kieran O\'Brien',2),(177,'Margo Stilley',1),(190,'Clint Eastwood',2),(192,'Morgan Freeman',2),(193,'Gene Hackman',2),(194,'Richard Harris',2),(197,'David Silverman',2),(198,'Dan Castellaneta',2),(199,'Julie Kavner',1),(200,'Nancy Cartwright',1),(204,'Kate Winslet',1),(205,'Kirsten Dunst',1),(206,'Jim Carrey',2),(207,'Tom Wilkinson',2),(208,'Ryan Whitney',0),(209,'Jane Adams',1),(210,'Amir Ali Said',2),(211,'Debbon Ayer',1),(212,'David Cross',2),(213,'Gerry Robert Byrne',2),(214,'Brian Price',0),(216,'Josh Flitter',2),(217,'Paul Litowsky',2),(220,'Lola Daehler',0);
/*!40000 ALTER TABLE `actors` ENABLE KEYS */;
UNLOCK TABLES;

--
-- Table structure for table `casts`
--

DROP TABLE IF EXISTS `casts`;
/*!40101 SET @saved_cs_client     = @@character_set_client */;
/*!40101 SET character_set_client = utf8 */;
CREATE TABLE `casts` (
  `movie_id` mediumint(9) DEFAULT NULL,
  `actor_id` int(11) DEFAULT NULL,
  `characters` text
) ENGINE=InnoDB DEFAULT CHARSET=utf8mb4;
/*!40101 SET character_set_client = @saved_cs_client */;

--
-- Dumping data for table `casts`
--

LOCK TABLES `casts` WRITE;
/*!40000 ALTER TABLE `casts` DISABLE KEYS */;
INSERT INTO `casts` VALUES (5,62,'Leo'),(5,138,'Chester Rush'),(5,2545,'Long Hair Yuppy Scum'),(5,2555,'Siegfried'),(5,3122,'Jezebel'),(5,3123,'Diana'),(5,3124,'Athena'),(5,3125,'Elspeth'),(5,3126,'Eva'),(5,3127,'Raven'),(5,3128,'Kiva'),(5,3129,'Ted the Bellhop'),(5,3130,'Angela'),(5,3131,'Man'),(5,3132,'Sarah'),(5,3133,'Corpse'),(5,3134,'Wife'),(5,3135,'Juancho'),(5,3136,'TV Dancing Girl'),(5,3137,'Norman'),(5,3138,'Betty'),(5,3140,'Sam the Bellhop'),(5,3141,'Margaret'),(5,37336,'Hooker'),(11,2,'Luke Skywalker'),(11,3,'Han Solo'),(11,4,'Princess Leia Organa'),(11,5,'Grand Moff Tarkin'),(11,6,'See Threepio (C-3PO)'),(11,130,'Artoo-Detoo (R2-D2)'),(11,663,'Red Six (Porkins)'),(11,3044,'Stormtrooper (voice) (uncredited)'),(11,4945,'Death Star Trooper (uncredited)'),(11,7727,'Cantina Alien (uncredited)'),(11,10657,'InCom Engineer (uncredited)'),(11,12248,'\"Obi-Wan \"\"Ben\"\" Kenobi\"'),(11,12829,'General Motti'),(11,15152,'Voice of Darth Vader (voice)'),(11,17356,'Red Three (Biggs)'),(11,19801,'Stormtrooper (special edition) (uncredited)'),(11,24278,'Stormtrooper (uncredited)'),(11,24342,'Darth Vader'),(11,24343,'Chewbacca'),(11,33032,'Uncle Owen'),(11,42570,'General Taggi'),(11,47401,'Red Leader'),(11,47698,'Red Two (Wedge)'),(11,53587,'Stormtrooper / Tusken Raider / Death Star Trooper / Garouf Lafoe (uncredited)'),(11,58475,'Gold Leader'),(11,60207,'Mos Eisley Citizen (special edition) (uncredited)'),(11,69249,'General Willard'),(11,79489,'Commander #1'),(11,104149,'Greedo (uncredited)'),(11,110319,'Cmdr. Praji (Imperial Officer #2 on rebel ship) (uncredited)'),(11,131625,'Aunt Beru'),(11,132538,'Chief Jawa'),(11,151819,'Gold Two'),(11,159108,'Greedo (voice) (uncredited)'),(11,160947,'Stormtrooper (voice) (uncredited)'),(11,161301,'Stormtrooper (voice) (uncredited)'),(11,162432,'\"Red Four (John \"\"D\"\")\"'),(11,166258,'Lt. Shann Childsen (uncredited)'),(11,184980,'Del Goren (uncredited)'),(11,186229,'Wioslea (uncredited)'),(11,187398,'Lt. Pol Treidum (uncredited)'),(11,190453,'Daine Jir (uncredited)'),(11,199356,'Greedo (uncredited)'),(11,201344,'Solomohal (uncredited)'),(11,202276,'Gold Five'),(11,202402,'Death Star Trooper (uncredited)'),(11,216087,'General Dodonna'),(11,252527,'Kabe / Jawa / GONK Droid (uncredited)'),(11,301657,'Rebel Pilot (uncredited)'),(11,390158,'Massassi Outpost Announcer / Various Voices (voice) (uncredited)'),(11,964699,'Leia\'s Rebel Escort (uncredited)'),(11,1012562,'BoShek (uncredited)'),(11,1148750,'Chall Bekan (uncredited)'),(11,1178140,'Stormtrooper (uncredited)'),(11,1183443,'Rycar Ryjerd (uncredited)'),(11,1190780,'Jawa (uncredited)'),(11,1195602,'Death Star Trooper (uncredited)'),(11,1216947,'Red Two (voice) (uncredited)'),(11,1271058,'Boba Fett (special edition) (uncredited)'),(11,1271059,'Stormtrooper (uncredited)'),(11,1271060,'Cantina Alien (uncredited)'),(11,1271061,'Cantina Alien (uncredited)'),(11,1271062,'Nabrun Leids (uncredited)'),(11,1271063,'Wuher (uncredited)'),(11,1271064,'Drifter (Red 12) (uncredited)'),(11,1271065,'Cantina Patron (uncredited)'),(11,1271066,'Dr. Evazan (uncredited)'),(11,1271067,'Cantina Patron (uncredited)'),(11,1271068,'Hrchek Kal Fas (uncredited)'),(11,1271069,'Jawa (uncredited)'),(11,1271070,'Jawa (uncredited)'),(11,1271071,'Garindan (uncredited)'),(11,1271072,'Djas Puhr (uncredited)'),(11,1271073,'Stormtrooper with Binoculars (uncredited)'),(11,1271074,'Cantina Patron (uncredited)'),(11,1271075,'Kabe (uncredited)');
/*!40000 ALTER TABLE `casts` ENABLE KEYS */;
UNLOCK TABLES;

--
-- Table structure for table `genremap`
--

DROP TABLE IF EXISTS `genremap`;
/*!40101 SET @saved_cs_client     = @@character_set_client */;
/*!40101 SET character_set_client = utf8 */;
CREATE TABLE `genremap` (
  `movie_id` mediumint(9) DEFAULT NULL,
  `genre_id` mediumint(9) DEFAULT NULL
) ENGINE=InnoDB DEFAULT CHARSET=utf8mb4;
/*!40101 SET character_set_client = @saved_cs_client */;

--
-- Dumping data for table `genremap`
--

LOCK TABLES `genremap` WRITE;
/*!40000 ALTER TABLE `genremap` DISABLE KEYS */;
INSERT INTO `genremap` VALUES (5,35),(5,80),(11,12),(11,28),(11,878),(12,16),(12,10751),(13,18),(13,35),(13,10749),(14,18),(16,18),(16,80),(16,10402),(18,12),(18,14),(18,28),(18,53),(18,878),(19,18),(19,878),(20,18),(20,10749),(22,12),(22,14),(22,28),(24,28),(24,80),(25,18),(25,10752),(28,18),(28,10752),(33,37),(35,16),(35,35),(35,10751),(38,18),(38,878),(38,10749),(55,18),(55,53),(58,12),(58,14),(58,28),(59,18),(59,53),(59,80),(62,12),(62,878),(62,9648),(65,18),(66,18),(66,53),(66,80),(68,35),(68,878),(69,18),(69,10402),(69,10749),(70,18),(71,18),(71,35),(71,10402),(73,18),(74,12),(74,53),(74,878),(75,14),(75,35),(75,878),(76,18),(76,10749),(77,53),(77,9648),(78,18),(78,53),(78,878),(79,12),(79,18),(79,28),(79,36),(80,18),(80,10749),(83,18),(83,53),(85,12),(85,28),(87,12),(87,28),(89,12),(89,28),(90,28),(90,35),(90,80),(95,12),(95,28),(95,53),(95,878),(96,28),(96,35);
/*!40000 ALTER TABLE `genremap` ENABLE KEYS */;
UNLOCK TABLES;

--
-- Table structure for table `genres`
--

DROP TABLE IF EXISTS `genres`;
/*!40101 SET @saved_cs_client     = @@character_set_client */;
/*!40101 SET character_set_client = utf8 */;
CREATE TABLE `genres` (
  `genre_id` mediumint(9) DEFAULT NULL,
  `genre_name` varchar(15) DEFAULT NULL
) ENGINE=InnoDB DEFAULT CHARSET=utf8mb4;
/*!40101 SET character_set_client = @saved_cs_client */;

--
-- Dumping data for table `genres`
--

LOCK TABLES `genres` WRITE;
/*!40000 ALTER TABLE `genres` DISABLE KEYS */;
INSERT INTO `genres` VALUES (12,'Adventure'),(14,'Fantasy'),(16,'Animation'),(18,'Drama'),(27,'Horror'),(28,'Action'),(35,'Comedy'),(36,'History'),(37,'Western'),(53,'Thriller'),(80,'Crime'),(99,'Documentary'),(878,'Science Fiction'),(9648,'Mystery'),(10402,'Music'),(10749,'Romance'),(10751,'Family'),(10752,'War'),(10769,'Foreign'),(10770,'TV Movie');
/*!40000 ALTER TABLE `genres` ENABLE KEYS */;
UNLOCK TABLES;

--
-- Table structure for table `keywordmap`
--

DROP TABLE IF EXISTS `keywordmap`;
/*!40101 SET @saved_cs_client     = @@character_set_client */;
/*!40101 SET character_set_client = utf8 */;
CREATE TABLE `keywordmap` (
  `movie_id` mediumint(9) DEFAULT NULL,
  `keyword_id` mediumint(9) DEFAULT NULL
) ENGINE=InnoDB DEFAULT CHARSET=utf8mb4;
/*!40101 SET character_set_client = @saved_cs_client */;

--
-- Dumping data for table `keywordmap`
--

LOCK TABLES `keywordmap` WRITE;
/*!40000 ALTER TABLE `keywordmap` DISABLE KEYS */;
INSERT INTO `keywordmap` VALUES (5,612),(5,613),(5,616),(5,622),(5,922),(5,2700),(5,12670),(5,160488),(5,187056),(5,198129),(11,803),(11,4270),(11,4271),(11,10013),(11,10016),(11,10527),(11,11107),(11,11195),(11,11196),(11,13194),(11,155336),(11,160134),(11,161176),(11,163295),(11,178710),(11,178712),(12,494),(12,10026),(12,14785),(12,33759),(12,33760),(12,156948),(12,179430),(12,179431),(12,180557),(12,180568),(12,180574),(12,181068),(13,422),(13,458),(13,791),(13,795),(13,818),(13,2956),(13,2957),(13,6054),(13,9673),(13,10235),(13,10624),(13,157499),(13,162365),(13,162934),(13,166980),(13,180204),(13,187844),(13,208143),(13,215492),(14,255),(14,293),(14,596),(14,1599),(14,1862),(14,2201),(14,2249),(14,2389),(14,2483),(14,2559),(14,2918),(14,8201),(14,9957),(14,10123),(14,10532),(14,10683),(14,10776),(14,33611),(14,166123),(14,224279),(14,229299),(16,30),(16,246),(16,279),(16,642),(16,730),(16,1328),(16,1382),(16,1415),(16,1691),(16,1741),(16,2122),(16,2356),(16,2480),(16,2481),(16,2486),(16,2487),(16,2488),(16,2489),(16,2490),(16,2624),(16,3737),(16,4580);
/*!40000 ALTER TABLE `keywordmap` ENABLE KEYS */;
UNLOCK TABLES;

--
-- Table structure for table `keywords`
--

DROP TABLE IF EXISTS `keywords`;
/*!40101 SET @saved_cs_client     = @@character_set_client */;
/*!40101 SET character_set_client = utf8 */;
CREATE TABLE `keywords` (
  `keyword_id` mediumint(9) DEFAULT NULL,
  `keyword_name` varchar(48) DEFAULT NULL
) ENGINE=InnoDB DEFAULT CHARSET=utf8mb4;
/*!40101 SET character_set_client = @saved_cs_client */;

--
-- Dumping data for table `keywords`
--

LOCK TABLES `keywords` WRITE;
/*!40000 ALTER TABLE `keywords` DISABLE KEYS */;
INSERT INTO `keywords` VALUES (30,'individual'),(65,'holiday'),(74,'germany'),(75,'gunslinger'),(83,'saving the world'),(90,'paris'),(100,'slum'),(107,'barcelona spain'),(108,'transvestism'),(110,'venice'),(113,'holy grail'),(128,'love triangle'),(131,'italy'),(139,'anti terror'),(186,'christianity'),(187,'islam'),(188,'buddhism'),(211,'bureaucracy'),(212,'london england'),(213,'upper class'),(220,'berlin'),(222,'schizophrenia'),(233,'japan'),(236,'suicide'),(237,'gay'),(240,'underdog'),(242,'new york'),(246,'dancing'),(248,'date'),(254,'france'),(255,'male nudity'),(258,'bomb'),(269,'diving'),(270,'ocean'),(271,'competition'),(272,'transylvania'),(276,'philadelphia'),(279,'usa'),(282,'video game'),(290,'angel'),(291,'circus'),(292,'berlin wall'),(293,'female nudity'),(295,'library'),(305,'moon'),(306,'jupiter'),(310,'artificial intelligence'),(311,'human evolution'),(312,'man vs machine'),(314,'life and death'),(316,'chess'),(318,'police state'),(321,'terror'),(323,'raf'),(324,'portugal'),(328,'insulin'),(331,'tattoo'),(334,'flying'),(339,'submarine'),(345,'monk'),(347,'aristotle'),(351,'poison'),(352,'secret passage'),(365,'ghost train'),(366,'sex-shop'),(367,'shyness'),(369,'kaffeehaus'),(374,'smuggling of arms'),(376,'neo-nazi'),(378,'prison'),(379,'skinhead'),(380,'brother brother relationship'),(383,'poker'),(385,'jules verne'),(386,'railroad robber'),(387,'california'),(388,'scotland'),(389,'clock tower'),(390,'skateboarding'),(391,'flying car'),(392,'england'),(393,'civil war'),(394,'gypsy'),(395,'gambling'),(396,'transporter'),(397,'bare knuckle boxing'),(398,'slang'),(402,'clone'),(407,'dictator'),(409,'africa'),(414,'hunter'),(416,'miami'),(417,'corruption'),(418,'white russian'),(419,'dude'),(420,'bowling'),(422,'vietnam veteran'),(428,'nurse'),(434,'destruction of a civilization'),(437,'painter');
/*!40000 ALTER TABLE `keywords` ENABLE KEYS */;
UNLOCK TABLES;

--
-- Table structure for table `languagemap`
--

DROP TABLE IF EXISTS `languagemap`;
/*!40101 SET @saved_cs_client     = @@character_set_client */;
/*!40101 SET character_set_client = utf8 */;
CREATE TABLE `languagemap` (
  `movie_id` mediumint(9) DEFAULT NULL,
  `iso_639_1` varchar(2) DEFAULT NULL
) ENGINE=InnoDB DEFAULT CHARSET=utf8mb4;
/*!40101 SET character_set_client = @saved_cs_client */;

--
-- Dumping data for table `languagemap`
--

LOCK TABLES `languagemap` WRITE;
/*!40000 ALTER TABLE `languagemap` DISABLE KEYS */;
INSERT INTO `languagemap` VALUES (5,'en'),(11,'en'),(12,'en'),(13,'en'),(14,'en'),(16,'en'),(18,'de'),(18,'en'),(18,'sv'),(19,'xx'),(20,'en'),(22,'en'),(24,'en'),(24,'fr'),(24,'ja'),(25,'ar'),(25,'en'),(25,'es'),(25,'la'),(28,'en'),(28,'fr'),(28,'km'),(28,'vi'),(33,'en'),(35,'en'),(38,'en'),(55,'es'),(58,'el'),(58,'en'),(58,'tr'),(58,'zh'),(59,'en'),(62,'en'),(62,'ru'),(65,'en'),(66,'en'),(66,'es'),(68,'en'),(69,'en'),(69,'ru'),(70,'en'),(70,'ga'),(71,'en'),(73,'en'),(74,'en'),(75,'en'),(75,'fr'),(76,'de'),(76,'en'),(76,'fr'),(77,'en'),(78,'cn'),(78,'de'),(78,'en'),(78,'hu'),(78,'ja'),(79,'zh'),(80,'en'),(80,'fr'),(83,'en'),(85,'ar'),(85,'de'),(85,'en'),(85,'es'),(85,'he'),(85,'ne'),(87,'en'),(87,'si'),(89,'de'),(89,'el'),(89,'en'),(90,'en'),(95,'en'),(95,'ru'),(96,'en'),(98,'en'),(100,'en'),(103,'en'),(103,'es'),(104,'de'),(104,'en'),(104,'ja'),(105,'en'),(106,'en'),(106,'es'),(107,'en'),(107,'ru'),(111,'en'),(111,'es'),(114,'en'),(114,'it'),(114,'ja'),(115,'de'),(115,'en'),(115,'es'),(115,'he'),(116,'en'),(117,'en'),(118,'en'),(120,'en');
/*!40000 ALTER TABLE `languagemap` ENABLE KEYS */;
UNLOCK TABLES;

--
-- Table structure for table `languages`
--

DROP TABLE IF EXISTS `languages`;
/*!40101 SET @saved_cs_client     = @@character_set_client */;
/*!40101 SET character_set_client = utf8 */;
CREATE TABLE `languages` (
  `iso_639_1` varchar(2) DEFAULT NULL,
  `language_name` varchar(16) DEFAULT NULL
) ENGINE=InnoDB DEFAULT CHARSET=utf8mb4;
/*!40101 SET character_set_client = @saved_cs_client */;

--
-- Dumping data for table `languages`
--

LOCK TABLES `languages` WRITE;
/*!40000 ALTER TABLE `languages` DISABLE KEYS */;
INSERT INTO `languages` VALUES ('af','Afrikaans'),('am',''),('ar','???????'),('bg','????????? ????'),('bm','Bamanankan'),('bn','?????'),('bo',''),('br',''),('bs','Bosanski'),('ca','Catala'),('ce',''),('cn','??? / ???'),('co',''),('cs','?esk²'),('cy','Cymraeg'),('da','Dansk'),('de','Deutsch'),('dz',''),('el','????????'),('en','English'),('eo','Esperanto'),('es','Espa±ol'),('et','Eesti'),('fa','?????'),('fi','suomi'),('fr','Frantais'),('ga','Gaeilge'),('gd',''),('gl','Galego'),('he','????????'),('hi','??????'),('hr','Hrvatski'),('hu','Magyar'),('hy',''),('id','Bahasa indonesia'),('is','-slenska'),('it','Italiano'),('iu',''),('ja','???'),('ka','???????'),('kk','?????'),('km',''),('ko','???/???'),('ku',''),('kw',''),('ky','??????'),('la','Latin'),('mi',''),('ml',''),('mn',''),('ne',''),('nl','Nederlands'),('no','Norsk'),('nv',''),('ny',''),('pa','??????'),('pl','Polski'),('ps','????'),('pt','PortuguOs'),('ro','RomGn?'),('ru','P??????'),('sa',''),('sh',''),('si',''),('sk','Sloven?ina'),('sl','SlovenÜ?ina'),('so','Somali'),('sq','shqip'),('sr','Srpski'),('st',''),('sv','svenska'),('sw','Kiswahili'),('ta','?????'),('te','??????'),('th','???????'),('tl',''),('to',''),('tr','Tnrkte'),('uk','???????????'),('ur','????'),('vi','Ti?ng Vi?t'),('wo','Wolof'),('xh',''),('xx','No Language'),('yi',''),('zh','???'),('zu','isiZulu');
/*!40000 ALTER TABLE `languages` ENABLE KEYS */;
UNLOCK TABLES;

--
-- Table structure for table `movies`
--

DROP TABLE IF EXISTS `movies`;
/*!40101 SET @saved_cs_client     = @@character_set_client */;
/*!40101 SET character_set_client = utf8 */;
CREATE TABLE `movies` (
  `movie_id` mediumint(9) DEFAULT NULL,
  `title` varchar(86) DEFAULT NULL,
  `release_date` varchar(10) DEFAULT NULL,
  `budget` int(11) DEFAULT NULL,
  `homepage` varchar(138) DEFAULT NULL,
  `original_language` varchar(2) DEFAULT NULL,
  `original_title` varchar(86) DEFAULT NULL,
  `overview` text,
  `popularity` varchar(18) DEFAULT NULL,
  `revenue` varchar(13) DEFAULT NULL,
  `runtime` varchar(5) DEFAULT NULL,
  `release_status` varchar(15) DEFAULT NULL,
  `tagline` varchar(252) DEFAULT NULL,
  `vote_average` decimal(3,1) DEFAULT NULL,
  `vote_count` mediumint(9) DEFAULT NULL
) ENGINE=InnoDB DEFAULT CHARSET=utf8mb4;
/*!40101 SET character_set_client = @saved_cs_client */;

--
-- Dumping data for table `movies`
--

LOCK TABLES `movies` WRITE;
/*!40000 ALTER TABLE `movies` DISABLE KEYS */;
INSERT INTO `movies` VALUES (5,'Four Rooms','1995-12-09',4000000,'','en','Four Rooms','It\'s Ted the Bellhop\'s first night on the job...and the hotel\'s very unusual guests are about to place him in some outrageous predicaments. It seems that this evening\'s room service is serving up one unbelievable happening after another.','22.87623','4300000.0','98.0','Released','Twelve outrageous guests. Four scandalous requests. And one lone bellhop, in his first day on the job, who\'s in for the wildest New year\'s Eve of his life.',6.5,530),(11,'Star Wars','1977-05-25',11000000,'http://www.starwars.com/films/star-wars-episode-iv-a-new-hope','en','Star Wars','Princess Leia is captured and held hostage by the evil Imperial forces in their effort to take over the galactic Empire. Venturesome Luke Skywalker and dashing captain Han Solo team together with the loveable robot duo R2-D2 and C-3PO to rescue the beautiful princess and restore peace and justice in the Empire.','126.393695','7.75398007E8','121.0','Released','A long time ago in a galaxy far, far away...',8.1,6624),(12,'Finding Nemo','2003-05-30',94000000,'http://movies.disney.com/finding-nemo','en','Finding Nemo','Nemo, an adventurous young clownfish, is unexpectedly taken from his Great Barrier Reef home to a dentist\'s office aquarium. It\'s up to his worrisome father Marlin and a friendly but forgetful fish Dory to bring Nemo home -- meeting vegetarian sharks, surfer dude turtles, hypnotic jellyfish, hungry seagulls, and more along the way.','85.688789','9.40335536E8','100.0','Released','There are 3.7 trillion fish in the ocean, they\'re looking for one.',7.6,6122),(13,'Forrest Gump','1994-07-06',55000000,'','en','Forrest Gump','A man with a low IQ has accomplished great things in his life and been present during significant historic events - in each case, far exceeding what anyone imagined he could do. Yet, despite all the things he has attained, his one true love eludes him. \'Forrest Gump\' is the story of a man who rose above his challenges, and who proved that determination, courage, and love are more important than ability.','138.133331','6.77945399E8','142.0','Released','The world will never be the same, once you\'ve seen it through the eyes of Forrest Gump.',8.2,7927),(14,'American Beauty','1999-09-15',15000000,'http://www.dreamworks.com/ab/','en','American Beauty','Lester Burnham, a depressed suburban father in a mid-life crisis, decides to turn his hectic life around after developing an infatuation with his daughter\'s attractive friend.','80.878605','3.56296601E8','122.0','Released','Look closer.',7.9,3313),(16,'Dancer in the Dark','2000-05-17',12800000,'','en','Dancer in the Dark','Selma, a Czech immigrant on the verge of blindness, struggles to make ends meet for herself and her son, who has inherited the same genetic disorder and will suffer the same fate without an expensive operation. When life gets too difficult, Selma learns to cope through her love of musicals, escaping life\'s troubles - even if just for a moment - by dreaming up little numbers to the rhythmic beats of her surroundings.','22.022228','4.0031879E7','140.0','Released','You don\'t need eyes to see.',7.6,377),(18,'The Fifth Element','1997-05-07',90000000,'','en','The Fifth Element','In 2257, a taxi driver is unintentionally given the task of saving a young girl who is part of the key that will ensure the survival of humanity.','109.528572','2.6392018E8','126.0','Released','There is no future without it.',7.3,3885),(19,'Metropolis','1927-01-10',92620000,'','de','Metropolis','In a futuristic city sharply divided between the working class and the city planners, the son of the city\'s mastermind falls in love with a working class prophet who predicts the coming of a savior to mediate their differences.','32.351527','650422.0','153.0','Released','There can be no understanding between the hands and the brain unless the heart acts as mediator.',8.0,657),(20,'My Life Without Me','2003-03-07',0,'http://www.clubcultura.com/clubcine/clubcineastas/isabelcoixet/mividasinmi/index.htm','en','My Life Without Me','A Pedro Almodovar production in which a fatally ill mother with only two months to live creates a list of things she wants to do before she dies with out telling her family of her illness.','7.958831','9726954.0','106.0','Released','',7.2,77),(22,'Pirates of the Caribbean: The Curse of the Black Pearl','2003-07-09',140000000,'http://disney.go.com/disneyvideos/liveaction/pirates/main_site/main.html','en','Pirates of the Caribbean: The Curse of the Black Pearl','Jack Sparrow, a freewheeling 17th-century pirate who roams the Caribbean Sea, butts heads with a rival pirate bent on pillaging the village of Port Royal. When the governor\'s daughter is kidnapped, Sparrow decides to help the girl\'s love save her. But their seafaring mission is hardly simple.','271.972889','6.55011224E8','143.0','Released','Prepare to be blown out of the water.',7.5,6985),(24,'Kill Bill: Vol. 1','2003-10-10',30000000,'http://www.miramax.com/movie/kill-bill-volume-1/','en','Kill Bill: Vol. 1','An assassin is shot at the altar by her ruthless employer, Bill and other members of their assassination circle û but \'The Bride\' lives to plot her vengeance. Setting out for some payback, she makes a death list and hunts down those who wronged her, saving Bill for last.','79.754966','1.80949E8','111.0','Released','Go for the kill.',7.7,4949),(25,'Jarhead','2005-11-04',72000000,'','en','Jarhead','Jarhead is a film about a US Marine Anthony SwoffordÆs experience in the Gulf War. After putting up with an arduous boot camp, Swafford and his unit are sent to the Persian Gulf where they are earger to fight but are forced to stay back from the action. Meanwhile Swofford gets news of his girlfriend is cheating on him. Desperately he wants to kill someone and finally put his training to use.','32.227223','9.6889998E7','125.0','Released','Welcome to the suck.',6.6,765),(28,'Apocalypse Now','1979-08-15',31500000,'http://www.apocalypsenow.com','en','Apocalypse Now','\"At the height of the Vietnam war, Captain Benjamin Willard is sent on a dangerous mission that, officially, \"\"does not exist, nor will it ever exist.\"\" His goal is to locate - and eliminate - a mysterious Green Beret Colonel named Walter Kurtz, who has been leading his personal army on illegal guerrilla missions into enemy territory.\"','49.973462','8.9460381E7','153.0','Released','This is the end...',8.0,2055),(33,'Unforgiven','1992-08-07',14000000,'','en','Unforgiven','William Munny is a retired, once-ruthless killer turned gentle widower and hog farmer. To help support his two motherless children, he accepts one last bounty-hunter mission to find the men who brutalized a prostitute. Joined by his former partner and a cocky greenhorn, he takes on a corrupt sheriff.','37.380435','1.59157447E8','131.0','Released','Some legends will never be forgotten. Some wrongs can never be forgiven.',7.7,1113),(35,'The Simpsons Movie','2007-07-25',75000000,'http://www.simpsonsmovie.com/','en','The Simpsons Movie','After Homer accidentally pollutes the town\'s water supply, Springfield is encased in a gigantic dome by the EPA and the Simpsons are declared fugitives.','46.875375','5.27068851E8','87.0','Released','See our family. And feel better about yours.',6.9,2264),(38,'Eternal Sunshine of the Spotless Mind','2004-03-19',20000000,'http://www.eternalsunshine.com','en','Eternal Sunshine of the Spotless Mind','Joel Barish, heartbroken that his girlfriend underwent a procedure to erase him from her memory, decides to do the same. However, as he watches his memories of her fade away, he realises that he still loves her, and may be too late to correct his mistake.','56.481487','7.2258126E7','108.0','Released','You can erase someone from your mind. Getting them out of your heart is another story.',7.9,3652),(55,'Amores perros','2000-06-16',2000000,'','es','Amores perros','Three different people in Mexico City are catapulted into dramatic and unforeseen circumstances in the wake of a terrible car crash: a young punk stumbles into the sinister underground world of dog fighting; an injured supermodel\'s designer pooch disappears into the apartment\'s floorboards; and an ex-radical turned hit man rescues a gunshot Rotweiler.','23.281616','2.0908467E7','154.0','Released','Love. Betrayal. Death.',7.6,521),(58,'Pirates of the Caribbean: Dead Man\'s Chest','2006-06-20',200000000,'http://disney.go.com/disneypictures/pirates/','en','Pirates of the Caribbean: Dead Man\'s Chest','Captain Jack Sparrow works his way out of a blood debt with the ghostly Davey Jones, he also attempts to avoid eternal damnation.','145.847379','1.065659812E9','151.0','Released','Jack is back!',7.0,5246),(59,'A History of Violence','2005-09-23',32000000,'','en','A History of Violence','An average family is thrust into the spotlight after the father commits a seemingly self-defense murder at his diner.','34.628738','6.0740827E7','96.0','Released','Tom Stall had the perfect life... until he became a hero.',6.9,832),(62,'2001: A Space Odyssey','1968-04-10',10500000,'','en','2001: A Space Odyssey','Humanity finds a mysterious object buried beneath the lunar surface and sets off to find its origins with the help of HAL 9000, the world\'s most advanced super computer.','86.201184','6.87E7','149.0','Released','An epic drama of adventure and exploration',7.9,2998),(65,'8 Mile','2002-11-08',41000000,'http://movies.uip.de/8mile/','en','8 Mile','\"The setting is Detroit in 1995. The city is divided by 8 Mile, a road that splits the town in half along racial lines. A young white rapper, Jimmy \"\"B-Rabbit\"\" Smith Jr. summons strength within himself to cross over these arbitrary boundaries to fulfill his dream of success in hip hop. With his pal Future and the three one third in place, all he has to do is not choke.\"','32.798571','2.15E8','110.0','Released','Every moment is another chance.',6.8,1626),(66,'Absolute Power','1997-02-14',50000000,'','en','Absolute Power','A master thief coincidentally is robbing a house where a murder in which the President of The United States is involved occurs in front of his eyes. He is forced to run yet may hold evidence that could convict the President. A political thriller from and starring Clint Eastwood and based on a novel by David Baldacci.','13.576765','5.006831E7','121.0','Released','Corrupts Absolutely.',6.4,223),(68,'Brazil','1985-02-20',15000000,'','en','Brazil','Low-level bureaucrat Sam Lowry escapes the monotony of his day-to-day life through a recurring daydream of himself as a virtuous hero saving a beautiful damsel. Investigating a case that led to the wrongful arrest and eventual death of an innocent man instead of wanted terrorist Harry Tuttle, he meets the woman from his daydream, and in trying to help her gets caught in a web of mistaken identities, mindless bureaucracy and lies.','41.089863','0.0','132.0','Released','It\'s only a state of mind.',7.5,861),(69,'Walk the Line','2005-09-13',28000000,'','en','Walk the Line','A chronicle of country music legend Johnny Cash\'s life, from his early days on an Arkansas cotton farm to his rise to fame with Sun Records in Memphis, where he recorded alongside Elvis Presley, Jerry Lee Lewis and Carl Perkins.','35.580032','1.86438883E8','136.0','Released','Love is a burning thing.',7.3,718),(70,'Million Dollar Baby','2004-12-15',30000000,'http://www.milliondollarbaby-derfilm.de/','en','Million Dollar Baby','Despondent over a painful estrangement from his daughter, trainer Frankie Dunn isn\'t prepared for boxer Maggie Fitzgerald to enter his life. But Maggie\'s determined to go pro and to convince Dunn and his cohort to help her.','70.456012','2.16763646E8','132.0','Released','Beyond his silence, there is a past. Beyond her dreams, there is a feeling. Beyond hope, there is a memory. Beyond their journey, there is a love.',7.7,2439),(71,'Billy Elliot','2000-05-18',5000000,'','en','Billy Elliot','Set against the background of the 1984 Miner\'s Strike, Billy Elliot is an 11 year old boy who stumbles out of the boxing ring and onto the ballet floor. He faces many trials and triumphs as he strives to conquer his family\'s set ways, inner conflict, and standing on his toes!','20.428237','1.1E8','110.0','Released','Inside every one of us is a special talent waiting to come out. The trick is finding it.',7.4,750),(73,'American History X','1998-10-30',20000000,'http://www.historyx.com/','en','American History X','Derek Vineyard is paroled after serving 3 years in prison for killing two thugs who tried to break into/steal his truck. Through his brother, Danny Vineyard\'s narration, we learn that before going to prison, Derek was a skinhead and the leader of a violent white supremacist gang that committed acts of racial crime throughout L.A. and his actions greatly influenced Danny. Reformed and fresh out of prison, Derek severs contact with the gang and becomes determined to keep Danny from going down the same violent path as he did.','73.567232','2.3875127E7','119.0','Released','Some Legacies Must End.',8.2,3016),(74,'War of the Worlds','2005-06-28',132000000,'','en','War of the Worlds','Ray Ferrier is a divorced dockworker and less-than-perfect father. Soon after his ex-wife and her new husband drop of his teenage son and young daughter for a rare weekend visit, a strange and powerful lightning storm touches down.','48.572726','5.91739379E8','116.0','Released','They\'re already here.',6.2,2322),(75,'Mars Attacks!','1996-12-12',70000000,'http://marsattacks.warnerbros.com/','en','Mars Attacks!','\'We come in peace\' is not what those green men from Mars mean when they invade our planet, armed with irresistible weapons and a cruel sense of humor.  This star studded cast must play victim to the alienÆs fun and games in this comedy homage to science fiction films of the \'50s and \'60s.','44.090535','1.01371017E8','106.0','Released','Nice planet. We\'ll take it!',6.1,1509),(76,'Before Sunrise','1995-01-27',2500000,'','en','Before Sunrise','A dialogue marathon of a film, this fairytale love story of an American boy and French girl. During a day and a night together in Vienna their two hearts collide.','23.672571','5535405.0','105.0','Released','Can the greatest romance of your life last only one night?',7.7,959),(77,'Memento','2000-10-11',9000000,'http://www.otnemem.com/','en','Memento','Suffering short-term memory loss after a head injury, Leonard Shelby embarks on a grim quest to find the lowlife who murdered his wife in this gritty, complex thriller that packs more knots than a hangman\'s noose. To carry out his plan, Shelby snaps Polaroids of people and places, jotting down contextual notes on the backs of photos to aid in his search and jog his memory. He even tattoos his own body in a desperate bid to remember.','60.715151','3.9723096E7','113.0','Released','Some memories are best forgotten.',8.1,4028),(78,'Blade Runner','1982-06-25',28000000,'http://www.warnerbros.com/blade-runner','en','Blade Runner','In the smog-choked dystopian Los Angeles of 2019, blade runner Rick Deckard is called out of retirement to terminate a quartet of replicants who have escaped to Earth seeking their creator for a way to extend their short life spans.','94.056131','3.3139618E7','117.0','Released','Man has made his match... now it\'s his problem.',7.9,3509),(79,'Hero','2002-12-19',31000000,'','zh','??','One man defeated three assassins who sought to murder the most powerful warlord in pre-unified China.','23.607392','1.77394432E8','99.0','Released','One man\'s strength will unite an empire.',7.2,635),(80,'Before Sunset','2004-02-10',2700000,'http://www.warnerbros.com/?site=beforesunset#/page=movies&pid=f-57b53b9e/BEFORE_SUNSET&asset=059437/Before_Sunset_-_Trailer_1A&type=video/','en','Before Sunset','Nine years ago two strangers met by chance and spent a night in Vienna that ended before sunrise. They are about to meet for the first time since. Now they have one afternoon to find out if they belong together.','14.799323','1.5992615E7','80.0','Released','What if you had a second chance with the one that got away?',7.6,718),(83,'Open Water','2004-08-06',130000,'','en','Open Water','Two divers are left out at sea without a boat. ThereÆs nothing but water for miles, unless they look at whatÆs underneath them...','15.611857','5.4667954E7','79.0','Released','Scream all you want.',5.4,315),(85,'Raiders of the Lost Ark','1981-06-12',18000000,'http://www.indianajones.com','en','Raiders of the Lost Ark','When Dr. Indiana Jones û the tweed-suited professor who just happens to be a celebrated archaeologist û is hired by the government to locate the legendary Ark of the Covenant, he finds himself up against the entire Nazi regime.','68.159596','3.89925971E8','115.0','Released','Indiana Jones - the new hero from the creators of JAWS and STAR WARS.',7.7,3854),(87,'Indiana Jones and the Temple of Doom','1984-05-23',28000000,'http://www.indianajones.com','en','Indiana Jones and the Temple of Doom','After arriving in India, Indiana Jones is asked by a desperate village to find a mystical stone. He agrees û and stumbles upon a secret cult plotting a terrible plan in the catacombs of an ancient palace.','66.976776','3.33E8','118.0','Released','If adventure has a name... it must be Indiana Jones.',7.1,2781),(89,'Indiana Jones and the Last Crusade','1989-05-24',48000000,'http://www.indianajones.com/crusade','en','Indiana Jones and the Last Crusade','When Dr. Henry Jones Sr. suddenly goes missing while pursuing the Holy Grail, eminent archaeologist Indiana must team up with Marcus Brody, Sallah and Elsa Schneider to follow in his father\'s footsteps and stop the Nazis from recovering the power of eternal life.','80.972475','4.74171806E8','127.0','Released','The man with the hat is back. And this time, he\'s bringing his Dad.',7.6,3152),(90,'Beverly Hills Cop','1984-11-29',15000000,'','en','Beverly Hills Cop','Tough-talking Detroit cop Axel Foley heads to the rarified world of Beverly Hills in his beat-up Chevy Nova to investigate a friend\'s murder. But soon, he realizes he\'s stumbled onto something much more complicated. Bungling rookie detective Billy Rosewood joins the fish-out-of-water Axel and shows him the West Los Angeles ropes.','29.843818','3.16360478E8','105.0','Released','The Heat Is On!',6.8,961),(95,'Armageddon','1998-07-01',140000000,'','en','Armageddon','When an asteroid threatens to collide with Earth, NASA honcho Dan Truman determines the only way to stop it is to drill into its surface and detonate a nuclear bomb. This leads him to renowned driller Harry Stamper, who agrees to helm the dangerous space mission provided he can bring along his own hotshot crew. Among them is the cocksure A.J. who Harry thinks isn\'t good enough for his daughter, until the mission proves otherwise.','58.485967','5.53799566E8','151.0','Released','The Earth\'s Darkest Day Will Be Man\'s Finest Hour',6.4,2482),(96,'Beverly Hills Cop II','1987-05-18',20000000,'','en','Beverly Hills Cop II','Detroit cop, Axel Foley heads for the land of sunshine and palm trees to find out who shot police Captain Andrew Bogomil. Thanks to a couple of old friends, Axel\'s investigation uncovers a series of robberies masterminded by a heartless weapons kingpin û and the chase is on.','25.28436','2.99965036E8','100.0','Released','',6.1,613),(98,'Gladiator','2000-05-01',103000000,'','en','Gladiator','In the year 180, the death of emperor Marcus Aurelius throws the Roman Empire into chaos. Maximus is one of the Roman army\'s most capable and trusted generals and a key advisor to the emperor. As Marcus\' devious son Commodus ascends to the throne, Maximus is set to be executed. He escapes, but is captured by slave traders. Renamed Spaniard and forced to become a gladiator, Maximus must battle to the death with other men for the amusement of paying audiences. His battle skills serve him well, and he becomes one of the most famous and admired men to fight in the Colosseum. Determined to avenge himself against the man who took away his freedom and laid waste to his family, Maximus believes that he can use his fame and skill in the ring to avenge the loss of his family and former glory. As the gladiator begins to challenge his rule, Commodus decides to put his own fighting mettle to the test by squaring off with Maximus in a battle to the death.','95.301296','4.57640427E8','155.0','Released','A Hero Will Rise.',7.9,5439),(100,'Lock, Stock and Two Smoking Barrels','1998-03-05',1350000,'http://www.universalstudiosentertainment.com/lock-stock-and-two-smoking-barrels/','en','Lock, Stock and Two Smoking Barrels','A card sharp and his unwillingly-enlisted friends need to make a lot of cash quick after losing a sketchy poker match. To do this they decide to pull a heist on a small-time gang who happen to be operating out of the flat next door.','16.032594','3897569.0','105.0','Released','A Disgrace to Criminals Everywhere.',7.5,1648),(103,'Taxi Driver','1976-02-07',1300000,'','en','Taxi Driver','A mentally unstable Vietnam War veteran works as a night-time taxi driver in New York City where the perceived decadence and sleaze feeds his urge for violent action, attempting to save a preadolescent prostitute in the process.','58.845025','2.8262574E7','114.0','Released','On every street in every city, there\'s a nobody who dreams of being a somebody.',8.0,2535),(104,'Run Lola Run','1998-08-20',1530000,'','de','Lola rennt','Lola receives a phone call from her boyfriend Manni. He lost 100,000 DM in a subway train that belongs to a very bad guy. She has 20 minutes to raise this amount and meet Manni. Otherwise, he will rob a store to get the money. Three different alternatives may happen depending on some minor event along Lola\'s run.','27.36562','7267585.0','81.0','Released','Every second of every day you\'re faced with a decision that can change your life.',7.2,664),(105,'Back to the Future','1985-07-03',19000000,'http://www.backtothefuture.com/movies/backtothefuture1','en','Back to the Future','Eighties teenager Marty McFly is accidentally sent back in time to 1955, inadvertently disrupting his parents\' first meeting and attracting his mother\'s romantic interest. Marty must repair the damage to history by rekindling his parents\' romance and - with the help of his eccentric inventor friend Doc Brown - return to 1985.','76.603233','3.81109762E8','116.0','Released','He\'s the only kid ever to get into trouble before he was born.',8.0,6079),(106,'Predator','1987-06-11',18000000,'','en','Predator','Dutch and his group of commandos are hired by the CIA to rescue downed airmen from guerillas in a Central American jungle. The mission goes well but as they return they find that something is hunting them. Nearly invisible, it blends in with the forest, taking trophies from the bodies of its victims as it goes along. Occasionally seeing through its eyes, the audience sees it is an intelligent alien hunter, hunting them for sport, killing them off one at a time.','50.009408','9.8235548E7','107.0','Released','If it bleeds, we can kill it...',7.3,2093),(107,'Snatch','2000-09-01',10000000,'','en','Snatch','The second film from British director Guy Ritchie. Snatch tells an obscure story similar to his first fast-paced crazy character-colliding filled film ôLock, Stock and Two Smoking Barrels.ö There are two overlapping stories here û one is the search for a stolen diamond, and the other about a boxing promoter whoÆs having trouble with a psychotic gangster.','53.595686','8.3557872E7','103.0','Released','Stealin\' Stones and Breakin\' Bones.',7.7,2912),(111,'Scarface','1983-12-08',25000000,'','en','Scarface','After getting a green card in exchange for assassinating a Cuban government official, Tony Montana stakes a claim on the drug trade in Miami. Viciously murdering anyone who stands in his way, Tony eventually becomes the biggest drug lord in the state, controlling nearly all the cocaine that comes through Miami. But increased pressure from the police, wars with Colombian drug cartels and his own drug-fueled paranoia serve to fuel the flames of his eventual downfall.','70.105981','6.5884703E7','170.0','Released','The world is yours...',8.0,2948),(114,'Pretty Woman','1990-03-23',14000000,'','en','Pretty Woman','When millionaire wheeler-dealer Edward Lewis enters a business contract with Hollywood hooker Vivian Ward, he loses his heart in the bargain in this charming romantic comedy. After Edward hires Vivian as his date for a week and gives her a Cinderella makeover, she returns the favor by mellowing the hardnosed tycoon\'s outlook. Can the poor prostitute and the rich capitalist live happily ever after?','45.473484','4.63E8','119.0','Released','Who knew it was so much fun to be a hooker?',7.0,1746),(115,'The Big Lebowski','1998-03-06',15000000,'http://www.biglebowskibluray.com/splash.php','en','The Big Lebowski','\"Jeffrey \"\"The Dude\"\" Lebowski, a Los Angeles slacker who only wants to bowl and drink white Russians, is mistaken for another Jeffrey Lebowski, a wheelchair-bound millionaire, and finds himself dragged into a strange series of events involving nihilists, adult film producers, ferrets, errant toes, and large sums of money.\"','49.230089','4.6189568E7','117.0','Released','Times like these call for a Big Lebowski.',7.8,2926),(116,'Match Point','2005-10-26',15000000,'','en','Match Point','Match Point is Woody AllenÆs satire of the British High Society and the ambition of a young tennis instructor to enter into it. Yet when he must decide between two women - one assuring him his place in high society, and the other that would bring him far from it - palms start to sweat and a dark psychological match in his head begins.','30.669913','8.5306374E7','124.0','Released','Passion Temptation Obsession',7.3,1105),(117,'The Untouchables','1987-06-02',25000000,'','en','The Untouchables','Young Treasury Agent Elliot Ness arrives in Chicago and is determined to take down Al Capone, but it\'s not going to be easy because Capone has the police in his pocket. Ness meets Jimmy Malone, a veteran patrolman and probably the most honorable one on the force. He asks Malone to help him get Capone, but Malone warns him that if he goes after Capone, he is going to war.','38.272889','7.6270454E7','119.0','Released','What are you prepared to do?',7.6,1384),(118,'Charlie and the Chocolate Factory','2005-07-13',150000000,'https://www.warnerbros.com/charlie-and-chocolate-factory','en','Charlie and the Chocolate Factory','A young boy wins a tour through the most magnificent chocolate factory in the world, led by the world\'s most unusual candy maker.','53.905592','4.74968763E8','115.0','Released','Willy Wonka is semi-sweet and nuts.',6.7,3624),(120,'The Lord of the Rings: The Fellowship of the Ring','2001-12-18',93000000,'http://www.lordoftherings.net/','en','The Lord of the Rings: The Fellowship of the Ring','Young hobbit Frodo Baggins, after inheriting a mysterious ring from his uncle Bilbo, must leave his home in order to keep it from falling into the hands of its evil creator. Along the way, a fellowship is formed to protect the ringbearer and make sure that the ring arrives at its final destination: Mt. Doom, the only place where it can be destroyed.','138.049577','8.71368364E8','178.0','Released','One ring to rule them all',8.0,8705),(121,'The Lord of the Rings: The Two Towers','2002-12-18',79000000,'http://www.lordoftherings.net/','en','The Lord of the Rings: The Two Towers','Frodo and Sam are trekking to Mordor to destroy the One Ring of Power while Gimli, Legolas and Aragorn search for the orc-captured Merry and Pippin. All along, nefarious wizard Saruman awaits the Fellowship members at the Orthanc Tower in Isengard.','106.914973','9.262874E8','179.0','Released','A New Power Is Rising.',8.0,7487),(122,'The Lord of the Rings: The Return of the King','2003-12-01',94000000,'http://www.lordoftherings.net','en','The Lord of the Rings: The Return of the King','Aragorn is revealed as the heir to the ancient kings as he, Gandalf and the other members of the broken fellowship struggle to save Gondor from Sauron\'s forces. Meanwhile, Frodo and Sam bring the ring closer to the heart of Mordor, the dark lord\'s realm.','123.630332','1.118888979E9','201.0','Released','The eye of the enemy is moving.',8.1,8064),(128,'Princess Mononoke','1997-07-12',26500000,'','ja','?????','Ashitaka, a prince of the disappearing Ainu tribe, is cursed by a demonized boar god and must journey to the west to find a cure. Along the way, he encounters San, a young human woman fighting to protect the forest, and Lady Eboshi, who is trying to destroy it. Ashitaka must find a way to bring balance to this conflict.','60.732738','1.59375308E8','134.0','Released','The Fate Of The World Rests On The Courage Of One Warrior.',8.2,1983),(129,'Spirited Away','2001-07-20',15000000,'http://movies.disney.com/spirited-away','ja','????????','A ten year old girl who wanders away from her parents along a path that leads to a world ruled by strange and unusual monster-like animals. Her parents have been changed into pigs along with others inside a bathhouse full of these creatures. Will she ever see the world how it once was?','118.968562','2.74925095E8','125.0','Released','The tunnel led Chihiro to a mysterious town...',8.3,3840),(134,'O Brother, Where Art Thou?','2000-08-30',26000000,'','en','O Brother, Where Art Thou?','In the deep south during the 1930s, three escaped convicts search for hidden treasure while a relentless lawman pursues them. On their journey they come across many comical characters and incredible situations. Based upon Homer\'s \'Odyssey\'.','39.742009','7.1868327E7','106.0','Released','They have a plan...but not a clue.',7.3,1112),(137,'Groundhog Day','1993-02-11',14600000,'','en','Groundhog Day','A narcissistic TV weatherman, along with his attractive-but-distant producer and mawkish cameraman, is sent to report on Groundhog Day in the small town of Punxsutawney, where he finds himself repeating the same day over and over.','52.744331','7.0906973E7','101.0','Released','He\'s having the worst day of his life... over, and over...',7.4,2301),(141,'Donnie Darko','2001-01-18',6000000,'','en','Donnie Darko','After narrowly escaping a bizarre accident, a troubled teenager is plagued by visions of a large bunny rabbit that manipulates him to commit a series of crimes.','61.210016','1270522.0','113.0','Released','You can never go too far',7.7,3452),(142,'Brokeback Mountain','2005-09-02',14000000,'http://www.brokebackmountain.com','en','Brokeback Mountain','Brokeback Mountain is an Ang Lee film about two modern day cowboys who meet on a shepherding job in the summer of Æ63. The two share a raw and powerful summer together that turns into a life long relationship conflicting with the lives they are supposed to live.','44.135568','1.78043761E8','134.0','Released','Love is a force of nature.',7.5,1480),(146,'Crouching Tiger, Hidden Dragon','2000-10-01',17000000,'','zh','????','Two warriors in pursuit of a stolen sword and a notorious fugitive are led to an impetuous, physically-skilled, teenage nobleman\'s daughter, who is at a crossroads in her life.','45.742254','2.13525736E8','120.0','Released','A timeless story of strength, secrets and two warriors who would never surrender.',7.2,927),(149,'Akira','1988-07-16',8000000,'http://www.bandaivisual.co.jp/akira/','ja','???','Childhood friends Tetsuo and Kaneda are pulled into the post-apocalyptic underworld of Neo-Tokyo and forced to fight for their very survival. Kaneda is a bike gang leader, and Tetsuo is a member of a tough motorcycle crew who becomes involved in a covert government project called Akira. But a bloody battle ensues when Kaneda sets out to save his friend.','39.338097','553171.0','124.0','Released','Neo-Tokyo is about to E.X.P.L.O.D.E.',7.8,773),(152,'Star Trek: The Motion Picture','1979-12-06',35000000,'','en','Star Trek: The Motion Picture','When a destructive space entity is spotted approaching Earth, Admiral Kirk resumes command of the Starship Enterprise in order to intercept, examine, and hopefully stop it.','24.616634','1.39E8','132.0','Released','The human adventure is just beginning.',6.2,530),(153,'Lost in Translation','2003-08-31',4000000,'','en','Lost in Translation','Two lost souls visiting Tokyo -- the young, neglected wife of a photographer and a washed-up movie star shooting a TV commercial -- find an odd solace and pensive freedom to be real in each other\'s company, away from their lives in America.','45.66662','1.19723856E8','102.0','Released','Everyone wants to be found.',7.3,1895),(154,'Star Trek II: The Wrath of Khan','1982-06-03',12000000,'','en','Star Trek II: The Wrath of Khan','Admiral James T. Kirk is feeling old; the prospect of accompanying his old ship the Enterprise on a two week cadet cruise is not making him feel any younger. But the training cruise becomes a a life or death struggle when Khan escapes from years of exile and captures the power of creation itself.','22.434102','9.68E7','113.0','Released','At the end of the universe lies the beginning of vengeance.',7.3,675),(155,'The Dark Knight','2008-07-16',185000000,'http://thedarkknight.warnerbros.com/dvdsite/','en','The Dark Knight','Batman raises the stakes in his war on crime. With the help of Lt. Jim Gordon and District Attorney Harvey Dent, Batman sets out to dismantle the remaining criminal organizations that plague the streets. The partnership proves to be effective, but they soon find themselves prey to a reign of chaos unleashed by a rising criminal mastermind known to the terrified citizens of Gotham as the Joker.','187.322927','1.004558444E9','152.0','Released','Why So Serious?',8.2,12002),(157,'Star Trek III: The Search for Spock','1984-05-31',18000000,'','en','Star Trek III: The Search for Spock','Admiral Kirk and his bridge crew risk their careers stealing the decommissioned Enterprise to return to the restricted Genesis planet to recover Spock\'s body.','15.314027','8.7E7','105.0','Released','A dying planet. A fight for life.',6.4,434),(161,'Ocean\'s Eleven','2001-12-07',85000000,'http://www.warnerbros.co.uk/movies/oceans-eleven','en','Ocean\'s Eleven','Less than 24 hours into his parole, charismatic thief Danny Ocean is already rolling out his next plan: In one night, Danny\'s hand-picked crew of specialists will attempt to steal more than $150 million from three Las Vegas casinos. But to score the cash, Danny risks his chances of reconciling with ex-wife, Tess.','60.929352','4.5071715E8','116.0','Released','Are you in or out?',7.2,3783),(162,'Edward Scissorhands','1990-12-05',20000000,'','en','Edward Scissorhands','A small suburban town receives a visit from a castaway unfinished science experiment named Edward.','47.51363','5.3E7','105.0','Released','His scars run deep.',7.5,3601),(163,'Ocean\'s Twelve','2004-12-09',110000000,'http://oceans12.warnerbros.com/','en','Ocean\'s Twelve','Danny Ocean reunites with his old flame and the rest of his merry band of thieves in carrying out three huge heists in Rome, Paris and Amsterdam û but a Europol agent is hot on their heels.','76.840712','3.6274428E8','125.0','Released','Twelve is the new eleven.',6.4,2124),(165,'Back to the Future Part II','1989-11-20',40000000,'http://www.backtothefuture.com/movies/backtothefuture2','en','Back to the Future Part II','Marty and Doc are at it again in this wacky sequel to the 1985 blockbuster as the time-traveling duo head to 2015 to nip some McFly family woes in the bud. But things go awry thanks to bully Biff Tannen and a pesky sports almanac. In a last-ditch attempt to set things straight, Marty finds himself bound for 1955 and face to face with his teenage parents -- again.','43.345252','3.32E8','108.0','Released','Roads? Where we\'re going, we don\'t need roads!',7.4,3829),(167,'K-PAX','2001-10-22',48000000,'http://www.k-pax.com/','en','K-PAX','Prot is a patient at a mental hospital who claims to be from a far away Planet. His psychiatrist tries to help him, only to begin to doubt his own explanations.','30.920075','5.031514E7','120.0','Released','Change the way you look at the world.',7.1,695),(168,'Star Trek IV: The Voyage Home','1986-11-25',24000000,'','en','Star Trek IV: The Voyage Home','Fugitives of the Federation for their daring rescue of Spock from the doomed Genesis Planet, Admiral Kirk (William Shatner) and his crew begin their journey home to face justice for their actions. But as they near Earth, they find it at the mercy of a mysterious alien presence whose signals are slowly destroying the planet. In a desperate attempt to answer the call of the probe, Kirk and his crew race back to the late twentieth century. However they soon find the world they once knew to be more alien than anything they\'ve encountered in the far reaches of the galaxy!','22.258428','1.33E8','119.0','Released','The key to saving the future can only be found in the past.',6.9,477),(169,'Predator 2','1990-11-20',35000000,'','en','Predator 2','Ten years after a band of mercenaries first battled a vicious alien, the invisible creature from another world has returned to Earth -- and this time, it\'s drawn to the gang-ruled and ravaged city of Los Angeles. When it starts murdering drug dealers, detective-lieutenant Mike Harrigan and his police force set out to capture the creature, ignoring warnings from a mysterious government agent to stay away.','27.934978','5.7120318E7','108.0','Released','Silent. Invisible. Invincible. He\'s in town with a few days to kill.',5.9,730),(170,'28 Days Later','2002-10-31',5000000,'','en','28 Days Later','Twenty-eight days after a killer virus was accidentally unleashed from a British research facility, a small group of London survivors are caught in a desperate struggle to protect themselves from the infected. Carried by animals and humans, the virus turns those it infects into homicidal maniacs -- and it\'s absolutely impossible to contain.','45.490374','8.2719885E7','113.0','Released','His fear began when he woke up alone. His terror began when he realised he wasn\'t.',7.1,1777),(172,'Star Trek V: The Final Frontier','1989-06-09',30000000,'','en','Star Trek V: The Final Frontier','Capt. Kirk and his crew must deal with Mr. Spock\'s half brother who kidnaps three diplomats and hijacks the Enterprise in his obsessive search for God.','19.578249','7.02E7','107.0','Released','Adventure and imagination will meet at the final frontier.',5.6,376),(173,'20,000 Leagues Under the Sea','1954-12-23',5000000,'','en','20,000 Leagues Under the Sea','A ship sent to investigate a wave of mysterious sinkings encounters the advanced submarine, the Nautilus, commanded by Captain Nemo.','9.358197','2.82E7','127.0','Released','The mightiest motion picture of them all!',6.8,157),(174,'Star Trek VI: The Undiscovered Country','1991-12-05',27000000,'','en','Star Trek VI: The Undiscovered Country','On the eve of retirement, Kirk and McCoy are charged with assassinating the Klingon High Chancellor and imprisoned. The Enterprise crew must help them escape to thwart a conspiracy aimed at sabotaging the last best hope for peace.','16.188572','9.69E7','113.0','Released','The battle for peace has begun.',6.7,413),(176,'Saw','2004-10-01',1200000,'','en','Saw','Obsessed with teaching his victims the value of life, a deranged, sadistic serial killer abducts the morally wayward. Once captured, they must face impossible choices in a horrific game of survival. The victims must fight to win their lives back, or die trying...','63.655973','1.03911669E8','103.0','Released','Live or die. Make your choice.',7.2,2184),(177,'The Fisher King','1991-09-09',24000000,'','en','The Fisher King','Two troubled men face their terrible destinies and events of their past as they join together on a mission to find the Holy Grail and thus to save themselves.','16.146572','4.1895491E7','137.0','Released','A Modern Day Tale About The Search For Love, Sanity, Ethel Merman And The Holy Grail.',7.2,341),(179,'The Interpreter','2005-04-08',80000000,'http://www.theinterpretermovie.com/','en','The Interpreter','After Silvia Broome, an interpreter at United Nations headquarters, overhears plans of an assassination, an American Secret Service agent is sent to investigate.','18.69984','1.62944923E8','128.0','Released','The truth needs no translation.',6.2,392),(180,'Minority Report','2002-06-20',102000000,'','en','Minority Report','John Anderton is a top \'Precrime\' cop in the late-21st century, when technology can predict crimes before they\'re committed. But Anderton becomes the quarry when another investigator targets him for a murder charge.','65.948959','3.58372926E8','145.0','Released','The system is perfect until it comes after you.',7.1,2608),(182,'The Good German','2006-12-08',32000000,'http://www.the-good-german.de','en','The Good German','An American journalist played by George Clooney arrives in Berlin just after the end of World War Two. He becomes involved in a murder mystery surrounding a dead GI who washes up at a lakeside mansion during the Potsdam negotiations between the Allied powers. Soon his investigation connects with his search for his married pre-war German lover played by Cate Blanchett.','5.347936','5914908.0','108.0','Released','If war is Hell, then what comes after?',5.9,86),(184,'Jackie Brown','1997-12-24',12000000,'','en','Jackie Brown','Jackie Brown is a flight attendant who gets caught in the middle of smuggling cash into the country for her gunrunner boss. When the cops try to use Jackie to get to her boss, she hatches a planùwith help from a bail bondsmanùto keep the money for herself. Based on Elmore Leonard\'s novel ôRum Punchö.','40.631671','3.9673162E7','154.0','Released','Six players on the trail of a half a million in Cash. There\'s only one question... Who\'s playing who?',7.3,1514),(186,'Lucky Number Slevin','2006-02-24',27000000,'','en','Lucky Number Slevin','Slevin is mistakenly put in the middle of a personal war between the cityÆs biggest criminal bosses. Under constant watch, Slevin must try not to get killed by an infamous assassin and come up with an idea of how to get out of his current dilemma. A film with many twists and turns.','36.921445','5.6308881E7','110.0','Released','Wrong Time. Wrong Place. Wrong Number.',7.4,1323),(187,'Sin City','2005-04-01',40000000,'http://www.miramax.com/movie/sin-city/','en','Sin City','Welcome to Sin City. This town beckons to the tough, the corrupt, the brokenhearted. Some call it darkà Hard-boiled. Then there are those who call it home ù Crooked cops, sexy dames, desperate vigilantes. Some are seeking revenge, others lust after redemption, and then there are those hoping for a little of both. A universe of unlikely and reluctant heroes still trying to do the right thing in a city that refuses to care.','66.003433','1.5873382E8','124.0','Released','Walk down the right back alley in Sin City and you can find anything...',7.2,2691),(189,'Sin City: A Dame to Kill For','2014-08-20',65000000,'http://sincity-2.com/','en','Sin City: A Dame to Kill For','Some of Sin City\'s most hard-boiled citizens cross paths with a few of its more reviled inhabitants.','85.428395','3.9407616E7','102.0','Released','There is no justice without sin.',6.3,1286),(193,'Star Trek: Generations','1994-11-17',38000000,'','en','Star Trek: Generations','Captain Jean-Luc Picard and the crew of the Enterprise-D find themselves at odds with the renegade scientist Soran who is destroying entire star systems. Only one man can help Picard stop Soran\'s scheme...and he\'s been dead for seventy-eight years.','14.779041','1.2E8','118.0','Released','Boldly go.',6.4,452),(194,'AmTlie','2001-04-25',10000000,'http://www.die-fabelhafte-welt-der-amelie.de','fr','Le fabuleux destin d\'AmTlie Poulain','At a tiny Parisian cafT, the adorable yet painfully shy AmTlie (Audrey Tautou) accidentally discovers a gift for helping others. Soon Amelie is spending her days as a matchmaker, guardian angel, and all-around do-gooder. But when she bumps into a handsome stranger, will she find the courage to become the star of her very own love story?','73.720244','1.73921954E8','122.0','Released','One person can change your life forever.',7.8,3310),(196,'Back to the Future Part III','1990-05-25',40000000,'http://www.backtothefuture.com/movies/backtothefuture3','en','Back to the Future Part III','The final installment of the Back to the Future trilogy finds Marty digging the trusty DeLorean out of a mineshaft and looking up Doc in the Wild West of 1885. But when their time machine breaks down, the travelers are stranded in a land of spurs. More problems arise when Doc falls for pretty schoolteacher Clara Clayton, and Marty tangles with Buford Tannen.','45.769562','2.44527583E8','118.0','Released','They\'ve saved the best trip for last... But this time they may have gone too far.',7.1,2900),(197,'Braveheart','1995-05-24',72000000,'','en','Braveheart','Enraged at the slaughter of Murron, his new bride and childhood love, Scottish warrior William Wallace slays a platoon of the local English lord\'s soldiers. This leads the village to revolt and, eventually, the entire country to rise up against English rule.','60.722162','2.1E8','177.0','Released','Every man dies. Not every man truly lives.',7.7,3336),(199,'Star Trek: First Contact','1996-11-21',46000000,'http://www.startrek.com/startrek/view/series/MOV/008/index.html','en','Star Trek: First Contact','The Borg, a relentless race of cyborgs, are on a direct course for Earth. Violating orders to stay away from the battle, Captain Picard and the crew of the newly-commissioned USS Enterprise E pursue the Borg back in time to prevent the invaders from changing Federation history and assimilating the galaxy.','25.6713','1.5E8','111.0','Released','Resistance is futile.',7.0,661),(200,'Star Trek: Insurrection','1998-12-10',70000000,'','en','Star Trek: Insurrection','\"When an alien race and factions within Starfleet attempt to take over a planet that has \"\"regenerative\"\" properties, it falls upon Captain Picard and the crew of the Enterprise to defend the planet\'s people as well as the very ideals upon which the Federation itself was founded.\"','19.711951','1.18E8','103.0','Released','The battle for paradise has begun.',6.3,391),(201,'Star Trek: Nemesis','2002-12-13',60000000,'','en','Star Trek: Nemesis','En route to the honeymoon of William Riker to Deanna Troi on her home planet of Betazed, Captain Jean-Luc Picard and the crew of the U.S.S. Enterprise receives word from Starfleet that a coup has resulted in the installation of a new Romulan political leader, Shinzon, who claims to seek peace with the human-backed United Federation of Planets. Once in enemy territory, the captain and his crew make a startling discovery: Shinzon is human, a slave from the Romulan sister planet of Remus, and has a secret, shocking relationship to Picard himself.','21.605533','6.7312826E7','117.0','Released','A generation\'s final journey... begins.',6.1,479),(203,'Mean Streets','1973-10-02',500000,'','en','Mean Streets','A small-time hood must choose from among love, friendship and the chance to rise within the mob.','17.002096','3000000.0','110.0','Released','You don\'t make up for your sins in church. You do it in the streets...',7.2,345),(205,'Hotel Rwanda','2004-09-11',17500000,'http://www.metrofilms.com/hotelrwanda/','en','Hotel Rwanda','Inspired by true events, this film takes place in Rwanda in the 1990s when more than a million Tutsis were killed in a genocide that went mostly unnoticed by the rest of the world. Hotel owner Paul Rusesabagina houses over a thousand refuges in his hotel in attempt to save their lives.','28.60542','3.8E7','121.0','Released','When the world closed its eyes, he opened his arms.',7.5,793),(207,'Dead Poets Society','1989-06-02',16400000,'','en','Dead Poets Society','At an elite, old-fashioned boarding school in New England, a passionate English teacher inspires his students to rebel against convention and seize the potential of every day, courting the disdain of the stern headmaster.','55.458584','2.35860116E8','129.0','Released','He was their inspiration. He made their lives extraordinary.',8.1,2705);
/*!40000 ALTER TABLE `movies` ENABLE KEYS */;
UNLOCK TABLES;

--
-- Table structure for table `oscars`
--

DROP TABLE IF EXISTS `oscars`;
/*!40101 SET @saved_cs_client     = @@character_set_client */;
/*!40101 SET character_set_client = utf8 */;
CREATE TABLE `oscars` (
  `year` smallint(6) DEFAULT NULL,
  `award` varchar(137) DEFAULT NULL,
  `winner` varchar(3) DEFAULT NULL,
  `name` varchar(190) DEFAULT NULL,
  `film` varchar(182) DEFAULT NULL
) ENGINE=InnoDB DEFAULT CHARSET=utf8mb4;
/*!40101 SET character_set_client = @saved_cs_client */;

--
-- Dumping data for table `oscars`
--

LOCK TABLES `oscars` WRITE;
/*!40000 ALTER TABLE `oscars` DISABLE KEYS */;
INSERT INTO `oscars` VALUES (1928,'Actor','','Richard Barthelmess','The Noose'),(1928,'Actor','1.0','Emil Jannings','The Last Command'),(1928,'Actress','','Louise Dresser','A Ship Comes In'),(1928,'Actress','1.0','Janet Gaynor','7th Heaven'),(1928,'Actress','','Gloria Swanson','Sadie Thompson'),(1928,'Art Direction','','Rochus Gliese','Sunrise'),(1928,'Art Direction','1.0','William Cameron Menzies','The Dove; Tempest'),(1928,'Art Direction','','Harry Oliver','7th Heaven'),(1928,'Cinematography','','George Barnes','The Devil Dancer; The Magic Flame; Sadie Thompson'),(1928,'Cinematography','1.0','Charles Rosher','Sunrise'),(1928,'Cinematography','1.0','Karl Struss','Sunrise'),(1928,'Directing (Comedy Picture)','1.0','Lewis Milestone','Two Arabian Knights'),(1928,'Directing (Comedy Picture)','','Ted Wilde','Speedy'),(1928,'Directing (Dramatic Picture)','1.0','Frank Borzage','7th Heaven'),(1928,'Directing (Dramatic Picture)','','Herbert Brenon','Sorrell and Son'),(1928,'Directing (Dramatic Picture)','','King Vidor','The Crowd'),(1928,'Engineering Effects','','Ralph Hammeras',''),(1928,'Engineering Effects','1.0','Roy Pomeroy','Wings'),(1928,'Engineering Effects','','Nugent Slaughter',''),(1928,'Outstanding Picture','','The Caddo Company','The Racket'),(1928,'Outstanding Picture','','Fox','7th Heaven'),(1928,'Outstanding Picture','1.0','Paramount Famous Lasky','Wings'),(1928,'Unique and Artistic Picture','1.0','Fox','Sunrise'),(1928,'Unique and Artistic Picture','','Metro-Goldwyn-Mayer','The Crowd'),(1928,'Unique and Artistic Picture','','Paramount Famous Lasky','Chang'),(1928,'Writing (Adaptation)','','Alfred Cohn','The Jazz Singer'),(1928,'Writing (Adaptation)','','Anthony Coldeway','Glorious Betsy'),(1928,'Writing (Adaptation)','1.0','Benjamin Glazer','7th Heaven'),(1928,'Writing (Original Story)','','Lajos Biro','The Last Command'),(1928,'Writing (Original Story)','1.0','Ben Hecht','Underworld'),(1928,'Writing (Title Writing)','','Gerald Duffy','The Private Life of Helen of Troy'),(1928,'Writing (Title Writing)','1.0','Joseph Farnham',''),(1928,'Writing (Title Writing)','','George Marion, Jr.',''),(1928,'Special Award','1.0','Warner Brothers','The Jazz Singer'),(1928,'Special Award','1.0','Charles Chaplin','The Circus'),(1929,'Actor','','George Bancroft','Thunderbolt'),(1929,'Actor','1.0','Warner Baxter','In Old Arizona'),(1929,'Actor','','Chester Morris','Alibi'),(1929,'Actor','','Paul Muni','The Valiant'),(1929,'Actor','','Lewis Stone','The Patriot'),(1929,'Actress','','Ruth Chatterton','Madame X'),(1929,'Actress','','Betty Compson','The Barker'),(1929,'Actress','','Jeanne Eagels','The Letter'),(1929,'Actress','','Corinne Griffith','The Divine Lady'),(1929,'Actress','','Bessie Love','The Broadway Melody'),(1929,'Actress','1.0','Mary Pickford','Coquette'),(1929,'Art Direction','','Hans Dreier','The Patriot'),(1929,'Art Direction','1.0','Cedric Gibbons','The Bridge of San Luis Rey'),(1929,'Art Direction','','Mitchell Leisen','Dynamite'),(1929,'Art Direction','','William Cameron Menzies','Alibi; and The Awakening'),(1929,'Art Direction','','Harry Oliver','Street Angel'),(1929,'Cinematography','','George Barnes','Our Dancing Daughters'),(1929,'Cinematography','1.0','Clyde De Vinna','White Shadows in the South Seas'),(1929,'Cinematography','','Arthur Edeson','In Old Arizona'),(1929,'Cinematography','','Ernest Palmer','Four Devils; and Street Angel'),(1929,'Cinematography','','John Seitz','The Divine Lady'),(1929,'Directing','','Lionel Barrymore','Madame X'),(1929,'Directing','','Harry Beaumont','The Broadway Melody'),(1929,'Directing','','Irving Cummings','In Old Arizona'),(1929,'Directing','1.0','Frank Lloyd','The Divine Lady'),(1929,'Directing','','Frank Lloyd','Drag; and Weary River'),(1929,'Directing','','Ernst Lubitsch','The Patriot'),(1929,'Outstanding Picture','','Feature Productions','Alibi'),(1929,'Outstanding Picture','','Fox','In Old Arizona'),(1929,'Outstanding Picture','1.0','Metro-Goldwyn-Mayer','The Broadway Melody'),(1929,'Outstanding Picture','','Metro-Goldwyn-Mayer','Hollywood Revue'),(1929,'Outstanding Picture','','Paramount Famous Lasky','The Patriot'),(1929,'Writing','','Tom Barry','In Old Arizona; and The Valiant'),(1929,'Writing','','Elliott Clawson','The Cop; The Leatherneck; Sal of Singapore; and Skyscraper'),(1929,'Writing','','Hans Kraly','The Last of Mrs. Cheyney'),(1929,'Writing','1.0','Hans Kraly','The Patriot'),(1929,'Writing','','Josephine Lovett','Our Dancing Daughters'),(1929,'Writing','','Bess Meredyth','A Woman of Affairs; and Wonder of Women'),(1930,'Actor','1.0','George Arliss','Disraeli'),(1930,'Actor','','George Arliss','The Green Goddess'),(1930,'Actor','','Wallace Beery','The Big House'),(1930,'Actor','','Maurice Chevalier','The Big Pond'),(1930,'Actor','','Ronald Colman','Bulldog Drummond'),(1930,'Actor','','Lawrence Tibbett','The Rogue Song'),(1930,'Actress','','Nancy Carroll','The Devil\'s Holiday'),(1930,'Actress','','Ruth Chatterton','Sarah and Son'),(1930,'Actress','','Greta Garbo','Anna Christie'),(1930,'Actress','1.0','Norma Shearer','The Divorcee'),(1930,'Actress','','Norma Shearer','Their Own Desire'),(1930,'Actress','','Gloria Swanson','The Trespasser'),(1930,'Art Direction','','Bulldog Drummond ','(William Cameron Menzies)'),(1930,'Art Direction','1.0','King of Jazz ','Herman Rosse'),(1930,'Art Direction','','The Love Parade ','(Hans Dreier)'),(1930,'Art Direction','','Sally ','(Jack Okey)'),(1930,'Art Direction','','The Vagabond King ','(Hans Dreier)'),(1930,'Cinematography','','All Quiet on the Western Front ','(Arthur Edeson)'),(1930,'Cinematography','','Anna Christie ','(William Daniels)'),(1930,'Cinematography','','Hell\'s Angels ','(Gaetano Gaudio), (Harry Perry)'),(1930,'Cinematography','','The Love Parade ','(Victor Milner)'),(1930,'Cinematography','1.0','With Byrd at the South Pole ','Joseph T. Rucker, Willard Van Der Veer'),(1930,'Directing','','Clarence Brown','Anna Christie; and Romance'),(1930,'Directing','','Robert Leonard','The Divorcee'),(1930,'Directing','','Ernst Lubitsch','The Love Parade'),(1930,'Directing','1.0','Lewis Milestone','All Quiet on the Western Front'),(1930,'Directing','','King Vidor','Hallelujah');
/*!40000 ALTER TABLE `oscars` ENABLE KEYS */;
UNLOCK TABLES;

--
-- Table structure for table `productioncompanies`
--

DROP TABLE IF EXISTS `productioncompanies`;
/*!40101 SET @saved_cs_client     = @@character_set_client */;
/*!40101 SET character_set_client = utf8 */;
CREATE TABLE `productioncompanies` (
  `production_company_id` mediumint(9) DEFAULT NULL,
  `production_company_name` varchar(77) DEFAULT NULL
) ENGINE=InnoDB DEFAULT CHARSET=utf8mb4;
/*!40101 SET character_set_client = @saved_cs_client */;

--
-- Dumping data for table `productioncompanies`
--

LOCK TABLES `productioncompanies` WRITE;
/*!40000 ALTER TABLE `productioncompanies` DISABLE KEYS */;
INSERT INTO `productioncompanies` VALUES (1,'Lucasfilm'),(2,'Walt Disney Pictures'),(3,'Pixar Animation Studios'),(4,'Paramount Pictures'),(5,'Columbia Pictures'),(6,'RKO Radio Pictures'),(7,'DreamWorks'),(8,'Fine Line Features'),(9,'Gaumont'),(11,'WingNut Films'),(12,'New Line Cinema'),(13,'Universal Studios'),(14,'Miramax Films'),(18,'Gracie Films'),(23,'Imagine Entertainment'),(24,'Mikona Productions GmbH & Co. KG'),(27,'DreamWorks SKG'),(28,'Newmarket Films'),(30,'Eddie Murphy Productions'),(32,'Buena Vista'),(33,'Universal Pictures'),(34,'Sony Pictures'),(35,'Lions Gate Films'),(37,'Gramercy Pictures'),(41,'Orion Pictures'),(42,'Universal Pictures Corporation'),(43,'Fox Searchlight Pictures'),(44,'Cruise/Wagner Productions'),(46,'WDR'),(47,'Constantin Film'),(49,'El Deseo'),(53,'Les Films du Carrosse'),(54,'The Independent Film Channel Productions'),(56,'Amblin Entertainment'),(58,'Sony Pictures Classics'),(59,'A Band Apart'),(60,'United Artists'),(62,'The Selznik Studio'),(64,'Les Productions Artistes AssociTs'),(68,'Big Primate Pictures'),(69,'MFPV Film'),(70,'American Zoetrope'),(76,'Zentropa Entertainments'),(77,'Milestone Productions'),(79,'Village Roadshow Pictures'),(80,'The Zanuck Company'),(81,'Plan B Entertainment'),(82,'Renn Productions'),(83,'France 2 CinTma'),(84,'Tree Line Films'),(85,'Konrad Pictures'),(86,'Catfish Productions'),(88,'Hawk Films'),(97,'Castle Rock Entertainment'),(98,'Detour Film Production'),(100,'Avon Production'),(104,'Canal Plus'),(118,'Det Danske Filminstitut'),(119,'Danmarks Radio (DR)'),(120,'Scorsese Productions'),(125,'Danish Film Institute'),(126,'Lakeshore Entertainment'),(127,'Screen Gems, Inc.'),(129,'Section Eight'),(130,'Jerry Bruckheimer Films'),(134,'Rogue Pictures'),(135,'UIP'),(136,'City Light Films'),(145,'Gaumont Columbia Tristar Films'),(146,'Handmade Films Ltd.'),(147,'FidTlitT Productions'),(148,'Gimages'),(149,'FOZ'),(150,'Headforce Ltd.'),(152,'Icon Productions'),(156,'Nordic Film'),(157,'SVT Drama'),(158,'Spyglass Entertainment'),(159,'Shady Acres Entertainment'),(160,'Pit Bull Productions'),(161,'Claussen + W÷bke Filmproduktion GmbH'),(163,'Revolution Films'),(164,'Rhombus Media'),(171,'Malpaso Productions'),(172,'NPV Entertainment'),(174,'Warner Bros. Pictures'),(175,'Caravan Pictures'),(178,'Ghoulardi Film Company'),(179,'The Magnolia Project'),(181,'Channel Four Films'),(182,'JVC Entertainment'),(183,'Le Studio Canal+'),(185,'Pandora Cinema'),(186,'Pyramide Productions'),(191,'Senator Film Produktion'),(194,'Hobby Films'),(195,'Pole Star'),(200,'Coraz=n International'),(201,'Arte'),(204,'Wnste Filmproduktion');
/*!40000 ALTER TABLE `productioncompanies` ENABLE KEYS */;
UNLOCK TABLES;

--
-- Table structure for table `productioncompanymap`
--

DROP TABLE IF EXISTS `productioncompanymap`;
/*!40101 SET @saved_cs_client     = @@character_set_client */;
/*!40101 SET character_set_client = utf8 */;
CREATE TABLE `productioncompanymap` (
  `movie_id` mediumint(9) DEFAULT NULL,
  `production_company_id` mediumint(9) DEFAULT NULL
) ENGINE=InnoDB DEFAULT CHARSET=utf8mb4;
/*!40101 SET character_set_client = @saved_cs_client */;

--
-- Dumping data for table `productioncompanymap`
--

LOCK TABLES `productioncompanymap` WRITE;
/*!40000 ALTER TABLE `productioncompanymap` DISABLE KEYS */;
INSERT INTO `productioncompanymap` VALUES (5,14),(5,59),(11,1),(11,306),(12,3),(13,4),(14,27),(14,2721),(16,8),(16,76),(16,119),(16,157),(16,201),(16,321),(16,591),(16,2996),(16,4524),(16,5358),(16,5755),(16,5975),(16,6916),(16,7025),(16,7330),(16,8659),(16,9349),(16,11239),(16,14937),(16,17513),(16,30268),(16,53667),(16,53668),(16,53669),(16,53670),(16,53671),(18,5),(18,9),(19,4),(19,12372),(20,49),(20,77),(22,2),(22,130),(24,14),(24,59),(24,39121),(25,33),(25,1522),(25,14440),(25,19934),(28,60),(28,26663),(33,171),(33,6194),(35,18),(35,306),(38,10039),(38,10059),(38,10146),(55,5084),(55,11230),(58,2),(58,130),(58,19936),(59,12),(59,429),(59,6363),(62,385),(62,8411),(65,23),(65,24),(66,5),(66,97),(66,171),(68,10214),(69,84),(69,85),(69,86),(69,711),(69,6402),(70,126),(70,171),(70,1171),(70,6194),(70,16311),(71,288),(71,686),(71,694),(71,718),(71,10163),(71,10462),(73,12),(73,924),(73,11308),(74,4),(74,27),(74,44),(74,56),(75,8601),(76,98),(77,491);
/*!40000 ALTER TABLE `productioncompanymap` ENABLE KEYS */;
UNLOCK TABLES;

--
-- Table structure for table `productioncountries`
--

DROP TABLE IF EXISTS `productioncountries`;
/*!40101 SET @saved_cs_client     = @@character_set_client */;
/*!40101 SET character_set_client = utf8 */;
CREATE TABLE `productioncountries` (
  `iso_3166_1` varchar(2) DEFAULT NULL,
  `production_country_name` varchar(24) DEFAULT NULL
) ENGINE=InnoDB DEFAULT CHARSET=utf8mb4;
/*!40101 SET character_set_client = @saved_cs_client */;

--
-- Dumping data for table `productioncountries`
--

LOCK TABLES `productioncountries` WRITE;
/*!40000 ALTER TABLE `productioncountries` DISABLE KEYS */;
INSERT INTO `productioncountries` VALUES ('AE','??????'),('AF','???????'),('AO','Angola'),('AR','Argentina'),('AT','+ûsterreich'),('AU','Australia'),('AW','Aruba'),('BA','??????'),('BE','Belgi+½'),('BG','??????'),('BO','Bolivia'),('BR','Brasil'),('BS','Bahamas'),('BT','Bhutan'),('CA','Canada'),('CH','Switzerland'),('CL','Chile'),('CM','Cameroon'),('CN','???????'),('CO','Colombia'),('CS','Montenegro'),('CY','??????'),('CZ','??esk?? republika'),('DE','Deutschland'),('DK','Danmark'),('DM','Quisqueyan '),('DO','Dominican Republic'),('DZ','Algeria'),('EC','Ecuador'),('EG','??????'),('ES','Espa??a'),('FI','Suomi'),('FJ','Viti'),('FR','Fran??aise'),('GB','United Kingdom'),('GP','Guadaloupe'),('GR','??????'),('GY','Guyana'),('HK','??????'),('HU','Magyarorsz+íg'),('ID','??????'),('IE','Ireland'),('IL','??????'),('IN','??????'),('IR','??????'),('IS','??sland'),('IT','Italiana'),('JM','Jamaica'),('JO','??????'),('JP','????????'),('KE','Kenya'),('KG','??????'),('KH','??????'),('KR','??????'),('KZ','??????'),('LB','??????'),('LT','Lietuva'),('LU','L+½tzebuerg'),('LY','??????'),('MA','??????'),('MC','Monaco'),('MT','Repubblika ta\' Malta'),('MX','Mexicanos'),('MY','??????'),('NG','Nigeria'),('NL','Nederland'),('NO','Norge'),('NZ','New Zealand'),('PA','Panam+í'),('PE','Per+¦'),('PH','Pilipinas'),('PK','??????'),('PL','Rzeczpospolita Polska'),('PT','Portuguesa'),('RO','Rom+ónia'),('RS','Cp????ja'),('RU','??????'),('SE','Sverige'),('SG','??????'),('SI','Republika Slovenija'),('SK','Slovensko'),('TH','??????'),('TN','??????'),('TR','??????'),('TW','??????'),('UA','??????'),('US','United States of America'),('ZA','South Africa');
/*!40000 ALTER TABLE `productioncountries` ENABLE KEYS */;
UNLOCK TABLES;

--
-- Table structure for table `productioncountrymap`
--

DROP TABLE IF EXISTS `productioncountrymap`;
/*!40101 SET @saved_cs_client     = @@character_set_client */;
/*!40101 SET character_set_client = utf8 */;
CREATE TABLE `productioncountrymap` (
  `movie_id` mediumint(9) DEFAULT NULL,
  `iso_3166_1` varchar(2) DEFAULT NULL
) ENGINE=InnoDB DEFAULT CHARSET=utf8mb4;
/*!40101 SET character_set_client = @saved_cs_client */;

--
-- Dumping data for table `productioncountrymap`
--

LOCK TABLES `productioncountrymap` WRITE;
/*!40000 ALTER TABLE `productioncountrymap` DISABLE KEYS */;
INSERT INTO `productioncountrymap` VALUES (5,'US'),(11,'US'),(12,'US'),(13,'US'),(14,'US'),(16,'AR'),(16,'DK'),(16,'FI'),(16,'FR'),(16,'DE'),(16,'IS'),(16,'IT'),(16,'NL'),(16,'NO'),(16,'SE'),(16,'GB'),(16,'US'),(18,'FR'),(19,'DE'),(20,'CA'),(20,'ES'),(22,'US'),(24,'US'),(25,'DE'),(25,'US'),(28,'US'),(33,'US'),(35,'US'),(38,'US'),(55,'MX'),(58,'JM'),(58,'US'),(58,'BS'),(58,'DM'),(59,'US'),(59,'CA'),(59,'DE'),(62,'US'),(62,'GB'),(65,'US'),(66,'US'),(68,'GB'),(69,'DE'),(69,'US'),(70,'US'),(71,'FR'),(71,'GB'),(73,'US'),(74,'US'),(75,'US'),(76,'AT'),(76,'CH'),(76,'US'),(77,'US'),(78,'US'),(78,'HK'),(78,'GB'),(79,'CN'),(80,'US'),(83,'US'),(85,'US'),(87,'US'),(89,'US'),(90,'US'),(95,'US'),(96,'US'),(98,'GB'),(98,'US'),(100,'GB'),(103,'US'),(104,'DE'),(105,'US'),(106,'US'),(107,'GB'),(107,'US'),(111,'US'),(114,'US'),(115,'GB'),(115,'US'),(116,'IE'),(116,'LU'),(116,'RU'),(116,'GB'),(116,'US'),(117,'US'),(118,'AU'),(118,'GB'),(118,'US'),(120,'NZ'),(120,'US'),(121,'NZ'),(121,'US'),(122,'NZ'),(122,'US'),(128,'JP'),(129,'JP'),(134,'FR'),(134,'GB'),(134,'US'),(137,'US');
/*!40000 ALTER TABLE `productioncountrymap` ENABLE KEYS */;
UNLOCK TABLES;

--
-- Table structure for table `sysdiagrams`
--

DROP TABLE IF EXISTS `sysdiagrams`;
/*!40101 SET @saved_cs_client     = @@character_set_client */;
/*!40101 SET character_set_client = utf8 */;
CREATE TABLE `sysdiagrams` (
  `name` varchar(0) DEFAULT NULL,
  `principal_id` varchar(0) DEFAULT NULL,
  `diagram_id` varchar(0) DEFAULT NULL,
  `version` varchar(0) DEFAULT NULL,
  `definition` varchar(0) DEFAULT NULL
) ENGINE=InnoDB DEFAULT CHARSET=utf8mb4;
/*!40101 SET character_set_client = @saved_cs_client */;

--
-- Dumping data for table `sysdiagrams`
--

LOCK TABLES `sysdiagrams` WRITE;
/*!40000 ALTER TABLE `sysdiagrams` DISABLE KEYS */;
/*!40000 ALTER TABLE `sysdiagrams` ENABLE KEYS */;
UNLOCK TABLES;
/*!40103 SET TIME_ZONE=@OLD_TIME_ZONE */;

/*!40101 SET SQL_MODE=@OLD_SQL_MODE */;
/*!40014 SET FOREIGN_KEY_CHECKS=@OLD_FOREIGN_KEY_CHECKS */;
/*!40014 SET UNIQUE_CHECKS=@OLD_UNIQUE_CHECKS */;
/*!40101 SET CHARACTER_SET_CLIENT=@OLD_CHARACTER_SET_CLIENT */;
/*!40101 SET CHARACTER_SET_RESULTS=@OLD_CHARACTER_SET_RESULTS */;
/*!40101 SET COLLATION_CONNECTION=@OLD_COLLATION_CONNECTION */;
/*!40111 SET SQL_NOTES=@OLD_SQL_NOTES */;

-- Dump completed on 2023-09-18 10:46:31
